scorer,DLC_mobnet_100_force_vitesse_powerFeb18shuffle1_48000,DLC_mobnet_100_force_vitesse_powerFeb18shuffle1_48000,DLC_mobnet_100_force_vitesse_powerFeb18shuffle1_48000,DLC_mobnet_100_force_vitesse_powerFeb18shuffle1_48000,DLC_mobnet_100_force_vitesse_powerFeb18shuffle1_48000,DLC_mobnet_100_force_vitesse_powerFeb18shuffle1_48000,DLC_mobnet_100_force_vitesse_powerFeb18shuffle1_48000,DLC_mobnet_100_force_vitesse_powerFeb18shuffle1_48000,DLC_mobnet_100_force_vitesse_powerFeb18shuffle1_48000
bodyparts,haut,haut,haut,milieu,milieu,milieu,bas,bas,bas
coords,x,y,likelihood,x,y,likelihood,x,y,likelihood
0,343.56256103515625,236.40945434570312,0.9971736669540405,353.11212158203125,293.5459289550781,0.9999237060546875,350.96380615234375,338.6260681152344,0.9997250437736511
1,348.878173828125,239.50192260742188,0.9984462857246399,353.54522705078125,293.6972961425781,0.9999438524246216,351.58355712890625,338.6260681152344,0.9997575879096985
2,348.9183044433594,239.6316680908203,0.9981355667114258,353.6690673828125,293.81744384765625,0.9999496936798096,351.58355712890625,338.6260681152344,0.9997628331184387
3,348.9183044433594,239.6678924560547,0.9981008172035217,353.6690673828125,293.81744384765625,0.9999507665634155,351.58355712890625,338.6029052734375,0.9997573494911194
4,348.878173828125,239.6316680908203,0.9985657334327698,353.6690673828125,293.74273681640625,0.9999511241912842,351.20330810546875,338.5785217285156,0.9997305274009705
5,348.84014892578125,239.6316680908203,0.9982333183288574,353.56231689453125,293.6972961425781,0.9999493360519409,350.7530822753906,338.52520751953125,0.999700665473938
6,348.6392517089844,239.16795349121094,0.997232973575592,353.25140380859375,293.74273681640625,0.9999454021453857,350.6161193847656,338.5785217285156,0.9996910095214844
7,347.1673889160156,237.568603515625,0.9976728558540344,353.2436828613281,293.74273681640625,0.9999477863311768,350.5592346191406,338.5785217285156,0.9996585845947266
8,346.9665222167969,237.42005920410156,0.9971452355384827,353.17822265625,293.79644775390625,0.9999474287033081,350.16436767578125,338.4224853515625,0.9996688365936279
9,346.9665222167969,237.32650756835938,0.9976730942726135,353.14398193359375,293.79644775390625,0.9999504089355469,350.16436767578125,338.62127685546875,0.9997101426124573
10,346.9665222167969,237.32650756835938,0.9972444772720337,353.1174621582031,293.79644775390625,0.9999415874481201,350.31494140625,338.62127685546875,0.9996520280838013
11,347.1673889160156,237.568603515625,0.9973249435424805,353.13031005859375,293.7899475097656,0.9999455213546753,350.4951171875,338.726318359375,0.9996700286865234
12,349.6131591796875,239.16665649414062,0.9987056255340576,353.13031005859375,293.1645812988281,0.9999501705169678,350.4951171875,338.726318359375,0.9996885061264038
13,349.6131591796875,239.16665649414062,0.9986360669136047,353.14398193359375,293.1383972167969,0.9999496936798096,350.6451721191406,338.7861633300781,0.9996685981750488
14,349.6131591796875,239.16665649414062,0.9985969662666321,353.1454162597656,293.1383972167969,0.9999521970748901,350.9106750488281,338.7861633300781,0.9997125267982483
15,349.4765930175781,238.8171844482422,0.9981769323348999,353.1454162597656,293.1645812988281,0.9999508857727051,350.98895263671875,338.8763732910156,0.9997479319572449
16,349.4765930175781,238.7639923095703,0.9982312321662903,353.1710205078125,293.1967468261719,0.9999455213546753,350.98895263671875,338.89190673828125,0.9997304081916809
17,349.4765930175781,238.70042419433594,0.9981414079666138,353.1454162597656,293.1967468261719,0.9999436140060425,350.98895263671875,338.9402160644531,0.9997264742851257
18,349.3507080078125,238.60569763183594,0.9982720613479614,352.9798889160156,293.1967468261719,0.9999476671218872,350.86151123046875,339.0724182128906,0.9997144341468811
19,349.3507080078125,238.5914306640625,0.9982843995094299,352.9093933105469,293.1855163574219,0.9999336004257202,350.6090087890625,339.0724182128906,0.9996997117996216
20,349.224853515625,238.5914306640625,0.9974162578582764,352.9093933105469,292.95294189453125,0.999940037727356,350.5675964355469,339.0724182128906,0.9996975660324097
21,349.0965270996094,238.5914306640625,0.9977046847343445,352.9093933105469,292.95294189453125,0.999944806098938,350.5675964355469,339.2380065917969,0.999695897102356
22,349.04901123046875,238.70628356933594,0.9982669353485107,352.9412536621094,292.9191589355469,0.9999455213546753,350.5723571777344,339.2380065917969,0.999685525894165
23,348.7662048339844,238.70628356933594,0.9978287816047668,353.109375,292.8285217285156,0.9999450445175171,350.6090087890625,339.2889099121094,0.9996933937072754
24,348.71197509765625,238.70628356933594,0.9975885152816772,353.42364501953125,292.68621826171875,0.999946117401123,351.2891540527344,339.46881103515625,0.9997404217720032
25,348.6862487792969,238.6461639404297,0.9972162246704102,353.5211486816406,292.68621826171875,0.9999483823776245,351.36346435546875,339.5740051269531,0.9997366070747375
26,348.6862487792969,238.6461639404297,0.9975067973136902,353.54290771484375,292.68621826171875,0.9999486207962036,351.814208984375,339.5740051269531,0.9997965693473816
27,348.6862487792969,238.6461639404297,0.9973539113998413,353.57806396484375,292.7165832519531,0.9999477863311768,352.114990234375,339.5740051269531,0.9997860789299011
28,347.1045837402344,237.7743377685547,0.9975268244743347,353.814208984375,292.7165832519531,0.9999425411224365,352.4727478027344,339.536376953125,0.9997987151145935
29,347.1045837402344,237.57852172851562,0.997403085231781,353.82391357421875,292.7165832519531,0.9999415874481201,352.660400390625,339.47210693359375,0.999811589717865
30,344.9622497558594,236.4082794189453,0.9972493052482605,353.9522399902344,292.5107116699219,0.9999423027038574,353.1285705566406,339.4101867675781,0.9998218417167664
31,344.9622497558594,236.31727600097656,0.9973806738853455,354.17327880859375,292.4902648925781,0.9999434947967529,353.3326110839844,339.29010009765625,0.999823272228241
32,344.9622497558594,236.3001251220703,0.9974005222320557,354.2291259765625,292.464599609375,0.9999434947967529,353.4778747558594,338.8945007324219,0.9998142123222351
33,346.91070556640625,235.9398651123047,0.9975368976593018,354.2291259765625,292.464599609375,0.9999434947967529,353.48193359375,338.5743408203125,0.9998192191123962
34,347.12725830078125,235.9398651123047,0.9976135492324829,354.2291259765625,292.464599609375,0.9999470710754395,353.48193359375,338.5663757324219,0.9998214840888977
35,347.1575622558594,235.9398651123047,0.9976378679275513,354.1622314453125,292.464599609375,0.9999439716339111,353.4778747558594,338.5168762207031,0.999809205532074
36,348.6394958496094,238.73358154296875,0.9981069564819336,353.33966064453125,292.2289123535156,0.9999374151229858,353.15740966796875,338.2091369628906,0.9997755885124207
37,348.71539306640625,238.78036499023438,0.9980359673500061,353.2958068847656,292.2289123535156,0.9999384880065918,352.9649658203125,338.2004699707031,0.9997838139533997
38,348.7404479980469,238.78036499023438,0.9978359341621399,353.2958068847656,292.2289123535156,0.9999291896820068,352.9649658203125,338.15679931640625,0.9997667670249939
39,348.8108215332031,238.77357482910156,0.9979096055030823,353.33966064453125,292.2450256347656,0.9999366998672485,352.9909973144531,338.2004699707031,0.9997739195823669
40,348.8108215332031,238.73358154296875,0.9978328347206116,353.72784423828125,292.2450256347656,0.9999369382858276,352.9909973144531,338.15679931640625,0.9997720122337341
41,348.8108215332031,238.6896514892578,0.9981098175048828,353.72784423828125,292.2450256347656,0.9999363422393799,352.9909973144531,338.0766906738281,0.9997829794883728
42,348.8108215332031,238.65040588378906,0.9985542893409729,353.72784423828125,292.2454833984375,0.9999417066574097,352.9909973144531,338.0024719238281,0.9997724890708923
43,347.659912109375,236.2492218017578,0.998157799243927,353.516357421875,292.15203857421875,0.9999353885650635,352.4024353027344,337.8086242675781,0.9997482895851135
44,347.5526123046875,235.9803466796875,0.9978931546211243,353.4230041503906,292.0439758300781,0.9999374151229858,352.3565979003906,337.54205322265625,0.9997434020042419
45,347.4570007324219,235.60337829589844,0.9981915354728699,353.250244140625,291.66143798828125,0.9999246597290039,350.8840637207031,337.3030700683594,0.9996238946914673
46,347.356689453125,235.17816162109375,0.9987523555755615,353.0908508300781,290.7533874511719,0.9999018907546997,350.7435302734375,337.1745300292969,0.9996084570884705
47,347.0188903808594,234.0106658935547,0.9994266033172607,352.8677062988281,290.09991455078125,0.9999114274978638,348.7078857421875,336.533935546875,0.9994939565658569
48,346.39703369140625,233.7203826904297,0.9991100430488586,352.1456604003906,289.29815673828125,0.9998574256896973,343.2476501464844,335.6490783691406,0.9993492960929871
49,344.8452453613281,231.97183227539062,0.9995840191841125,350.1532287597656,287.7695007324219,0.9996788501739502,342.8127136230469,334.2521057128906,0.9991840720176697
50,344.4261779785156,230.20057678222656,0.9997422099113464,350.1005554199219,286.7486572265625,0.9994750618934631,342.4528503417969,332.28228759765625,0.9992448091506958
51,343.7657165527344,229.6310577392578,0.9998167157173157,349.9873962402344,284.5050048828125,0.9994487166404724,342.4528503417969,330.82244873046875,0.9992992877960205
52,342.40203857421875,228.2777099609375,0.9998904466629028,347.1772766113281,282.44757080078125,0.9995386600494385,342.4528503417969,329.59326171875,0.9993332028388977
53,341.2008972167969,226.66107177734375,0.9998801946640015,346.3809814453125,282.3648986816406,0.999529242515564,342.20098876953125,329.4991455078125,0.999212384223938
54,340.6073913574219,225.477783203125,0.9997773766517639,345.91302490234375,280.982177734375,0.9997661709785461,342.1956787109375,328.1659240722656,0.9996277093887329
55,340.185546875,224.53126525878906,0.9997552037239075,343.8568115234375,278.4227600097656,0.999833345413208,342.1956787109375,325.7145080566406,0.9997366070747375
56,339.46295166015625,223.89089965820312,0.9995019435882568,342.9137878417969,278.0921630859375,0.999885082244873,341.93487548828125,324.8897705078125,0.9997277855873108
57,338.56597900390625,223.89089965820312,0.9994229078292847,341.0072326660156,278.0921630859375,0.9999414682388306,339.3772277832031,324.02197265625,0.9998111128807068
58,336.76171875,223.45223999023438,0.9995371103286743,340.24822998046875,277.9560546875,0.9999444484710693,338.2303161621094,323.7530822753906,0.9998056292533875
59,335.74151611328125,223.37156677246094,0.9995728135108948,339.0068664550781,277.8948059082031,0.9999455213546753,337.2357482910156,323.7357482910156,0.9998031258583069
60,334.2585754394531,222.42848205566406,0.9988208413124084,337.2546691894531,277.611328125,0.9999325275421143,335.8822937011719,323.6408386230469,0.9997647404670715
61,327.86590576171875,221.8531036376953,0.9981359243392944,335.72601318359375,277.611328125,0.999895453453064,334.6277770996094,323.3274230957031,0.9996954202651978
62,327.2914733886719,221.33840942382812,0.9988963603973389,332.8646545410156,277.611328125,0.9998748302459717,332.0574645996094,323.2539978027344,0.9996646642684937
63,325.38616943359375,221.33840942382812,0.9991137385368347,332.0082702636719,277.817138671875,0.9998621940612793,331.75030517578125,323.2539978027344,0.9996445178985596
64,323.2182922363281,221.78086853027344,0.9993832111358643,330.0912780761719,278.3839111328125,0.9998935461044312,329.9901428222656,323.2539978027344,0.9996333122253418
65,320.6636962890625,221.8531036376953,0.9993023872375488,326.2713928222656,278.50848388671875,0.9999312162399292,326.1351623535156,324.0929870605469,0.9997652173042297
66,320.23040771484375,224.4119873046875,0.9997144341468811,325.1063232421875,279.1658020019531,0.9999419450759888,324.0550537109375,324.3207702636719,0.9998227953910828
67,319.32232666015625,227.2510986328125,0.9998183846473694,324.505126953125,280.4717712402344,0.9999282360076904,322.49273681640625,324.92791748046875,0.9998326301574707
68,316.416259765625,227.5178680419922,0.9997591376304626,322.9531555175781,281.96856689453125,0.9999113082885742,319.98651123046875,328.76092529296875,0.9996598958969116
69,315.0276184082031,229.65399169921875,0.9997722506523132,321.72955322265625,284.1475830078125,0.9999028444290161,317.5968322753906,330.2156982421875,0.9987437129020691
70,312.8898620605469,230.3846435546875,0.9998260140419006,320.31622314453125,284.1475830078125,0.9998824596405029,316.1834716796875,330.2156982421875,0.9986007809638977
71,312.07470703125,230.45118713378906,0.9998733997344971,319.7814025878906,284.5709228515625,0.9998005032539368,313.66827392578125,330.2156982421875,0.9986967444419861
72,311.3129577636719,230.45118713378906,0.9999091625213623,319.7529602050781,284.5709228515625,0.9997939467430115,313.66827392578125,330.1742248535156,0.9987078905105591
73,311.1324157714844,230.3846435546875,0.9999340772628784,318.5781555175781,283.08563232421875,0.9997270703315735,313.66827392578125,329.640380859375,0.9989134073257446
74,310.0585632324219,229.35850524902344,0.9999185800552368,318.2783203125,283.0063171386719,0.9997648596763611,313.66827392578125,328.9429626464844,0.9991957545280457
75,309.35064697265625,228.7992401123047,0.9999351501464844,317.0077209472656,282.3655700683594,0.9996758699417114,313.66827392578125,328.9429626464844,0.9991716146469116
76,308.98895263671875,228.7992401123047,0.9999316930770874,316.7231140136719,282.3655700683594,0.9997289776802063,313.55767822265625,328.9429626464844,0.9992434978485107
77,308.9148864746094,228.7992401123047,0.9999440908432007,316.0878601074219,282.3655700683594,0.9997324347496033,311.6808166503906,329.02398681640625,0.9992844462394714
78,308.20166015625,229.21563720703125,0.9999468326568604,315.94927978515625,283.0148620605469,0.9995890259742737,311.3369445800781,329.4525146484375,0.9992635846138
79,307.040283203125,229.56332397460938,0.9999501705169678,315.6293640136719,283.237548828125,0.9995879530906677,309.7122497558594,329.48858642578125,0.9992043375968933
80,306.72119140625,229.81341552734375,0.9999514818191528,313.6316223144531,283.2437438964844,0.9993258714675903,309.07958984375,330.2661437988281,0.9993402361869812
81,306.4565734863281,229.81341552734375,0.9999527931213379,313.56439208984375,283.34796142578125,0.9992050528526306,308.98187255859375,330.2661437988281,0.9992801547050476
82,306.1625061035156,229.95521545410156,0.9999494552612305,312.650634765625,283.49310302734375,0.9995506405830383,308.18438720703125,330.3530578613281,0.9993442893028259
83,306.120849609375,229.95521545410156,0.9999486207962036,312.4564208984375,283.49310302734375,0.9995715022087097,307.8654479980469,330.2661437988281,0.9992563128471375
84,302.6118469238281,229.95521545410156,0.9998388290405273,310.00469970703125,283.34796142578125,0.999786913394928,307.8654479980469,329.89422607421875,0.9992820620536804
85,302.280029296875,229.74618530273438,0.9998372793197632,309.8842468261719,282.9795227050781,0.9998010993003845,307.7035827636719,329.88232421875,0.9994224309921265
86,301.9536437988281,229.58607482910156,0.9998077750205994,309.8390197753906,282.8924560546875,0.9998062252998352,307.7035827636719,328.6136169433594,0.9995875954627991
87,301.0445251464844,228.23028564453125,0.9997952580451965,308.8741760253906,282.7188720703125,0.9998593330383301,307.7035827636719,328.6136169433594,0.9996023774147034
88,299.7523193359375,228.22584533691406,0.9998008608818054,308.8717956542969,282.7188720703125,0.9998595714569092,307.7035827636719,328.6136169433594,0.9996641874313354
89,299.6839294433594,228.22584533691406,0.9998059868812561,307.66015625,282.8924560546875,0.9999176263809204,305.9732666015625,328.6337890625,0.9996837377548218
90,299.2875061035156,228.23028564453125,0.9997977614402771,307.5675048828125,282.7188720703125,0.9999117851257324,305.85968017578125,328.6711730957031,0.9996411800384521
91,298.6535339355469,228.22584533691406,0.9997898936271667,307.0219421386719,282.7188720703125,0.9999203681945801,305.40240478515625,328.6711730957031,0.9994946718215942
92,298.5091552734375,228.2320556640625,0.9997928738594055,306.5617370605469,282.6629638671875,0.9999102354049683,305.40240478515625,328.6711730957031,0.9995786547660828
93,298.4763488769531,228.2320556640625,0.999800980091095,306.47802734375,282.40240478515625,0.9998928308486938,305.40240478515625,328.0493469238281,0.9996700286865234
94,298.1001892089844,228.1580352783203,0.9998062252998352,306.4544677734375,281.5755310058594,0.9999024868011475,305.40240478515625,327.6240234375,0.9997629523277283
95,297.80767822265625,227.78897094726562,0.9998288154602051,306.36883544921875,281.5755310058594,0.9998944997787476,305.40240478515625,327.45440673828125,0.9997445940971375
96,297.8074951171875,227.5869140625,0.9997509121894836,306.0306701660156,281.5755310058594,0.9998880624771118,304.4466552734375,327.45440673828125,0.999671220779419
97,297.4171142578125,227.5869140625,0.9998524188995361,305.7533264160156,281.5938415527344,0.999880313873291,304.0160217285156,327.6240234375,0.9996912479400635
98,297.4171142578125,227.5869140625,0.9998331069946289,305.11651611328125,281.68817138671875,0.9998672008514404,304.0160217285156,327.65093994140625,0.9996291399002075
99,297.2281188964844,227.72799682617188,0.9998229146003723,304.9942321777344,281.8094482421875,0.9998681545257568,303.7464599609375,327.9954528808594,0.9995878338813782
100,297.2281188964844,227.79583740234375,0.9998118281364441,304.7726745605469,281.8094482421875,0.9998447895050049,303.6092224121094,328.14703369140625,0.9996263980865479
101,297.0541687011719,227.88204956054688,0.9998564720153809,304.64990234375,281.8094482421875,0.9998492002487183,303.6092224121094,328.14703369140625,0.9995075464248657
102,296.2778015136719,228.1700439453125,0.9998928308486938,304.1922302246094,281.8094482421875,0.9998088479042053,303.72174072265625,327.9954528808594,0.9994279742240906
103,296.1995544433594,228.27923583984375,0.9998906850814819,304.1130065917969,281.81787109375,0.9998308420181274,302.95086669921875,328.5916442871094,0.9996747970581055
104,296.1232604980469,228.490966796875,0.9998959302902222,304.0925598144531,281.81787109375,0.9998064637184143,302.6798400878906,327.86175537109375,0.9996633529663086
105,295.8679504394531,228.490966796875,0.9999134540557861,303.3112487792969,281.9506530761719,0.9997709393501282,302.6798400878906,327.86175537109375,0.9994680285453796
106,294.6388854980469,228.490966796875,0.9999351501464844,301.47418212890625,282.0001525878906,0.9996943473815918,302.58355712890625,328.4369201660156,0.9993904829025269
107,294.5208740234375,228.3856658935547,0.9999351501464844,301.47418212890625,282.0001525878906,0.999679446220398,302.2821350097656,328.5916442871094,0.9994294047355652
108,294.1179504394531,228.29981994628906,0.9999483823776245,301.2883605957031,282.4405822753906,0.999614953994751,300.15985107421875,328.8660583496094,0.9993392825126648
109,293.9525451660156,228.2398223876953,0.9999452829360962,301.47418212890625,282.5286865234375,0.999606192111969,300.15985107421875,329.1806945800781,0.999247670173645
110,293.6741027832031,228.2398223876953,0.9999486207962036,301.4818420410156,282.69207763671875,0.9996121525764465,300.15985107421875,329.2766418457031,0.9992399215698242
111,293.26202392578125,228.2398223876953,0.9999500513076782,301.4818420410156,282.8409118652344,0.9995792508125305,300.3719177246094,329.4761962890625,0.999176561832428
112,293.26202392578125,228.29981994628906,0.9999524354934692,301.4046936035156,283.0089416503906,0.9995648264884949,300.78424072265625,329.4761962890625,0.9990599751472473
113,293.26202392578125,228.2398223876953,0.9999535083770752,301.4046936035156,283.0089416503906,0.9995313882827759,300.8607482910156,329.4761962890625,0.9990087747573853
114,293.4055480957031,228.23558044433594,0.9999493360519409,301.3701477050781,283.0089416503906,0.9995610117912292,301.2732238769531,329.11614990234375,0.9991669654846191
115,293.4701843261719,228.05747985839844,0.9999407529830933,300.53643798828125,282.6069641113281,0.9996216297149658,301.2732238769531,328.88262939453125,0.9991944432258606
116,293.5811462402344,227.86680603027344,0.9999426603317261,300.4374694824219,281.8904724121094,0.9996973276138306,301.2732238769531,328.43133544921875,0.9992802739143372
117,293.4701843261719,227.86680603027344,0.9999438524246216,300.1817932128906,281.8904724121094,0.9997076392173767,301.0623779296875,328.43133544921875,0.9992363452911377
118,293.4055480957031,227.86680603027344,0.9999450445175171,300.1131896972656,281.8904724121094,0.9997075200080872,301.0411376953125,328.429931640625,0.9993120431900024
119,293.0849609375,228.29603576660156,0.9999547004699707,300.1131896972656,282.2379455566406,0.9996545314788818,301.0411376953125,327.88140869140625,0.9993599057197571
120,292.7772521972656,228.35594177246094,0.9999527931213379,300.1131896972656,282.41070556640625,0.9996498823165894,301.0623779296875,327.88140869140625,0.9994572997093201
121,292.3584899902344,228.38719177246094,0.9999493360519409,300.37225341796875,282.5725402832031,0.9996731281280518,301.06622314453125,327.7747802734375,0.9994394183158875
122,292.3584899902344,228.35594177246094,0.9999481439590454,300.5109558105469,282.5725402832031,0.9996381998062134,301.6365966796875,327.7615966796875,0.9993545413017273
123,292.5030517578125,228.35594177246094,0.9999508857727051,300.51312255859375,282.5725402832031,0.9995686411857605,302.6990051269531,327.7615966796875,0.9995096921920776
124,292.5030517578125,228.46322631835938,0.9999513626098633,300.6291809082031,282.5725402832031,0.9996163845062256,302.797607421875,327.3621826171875,0.9995397329330444
125,292.5030517578125,228.46681213378906,0.9999505281448364,300.6291809082031,281.9911804199219,0.9997010231018066,303.0137939453125,327.34820556640625,0.9995282888412476
126,292.5030517578125,228.5388946533203,0.9999535083770752,300.6291809082031,281.9911804199219,0.9997193217277527,303.0208740234375,327.34820556640625,0.9995624423027039
127,292.43402099609375,228.60763549804688,0.9999555349349976,300.6291809082031,281.98370361328125,0.9997003078460693,303.264892578125,327.2862243652344,0.9996389150619507
128,292.2933349609375,228.6608123779297,0.9999563694000244,300.8252258300781,281.9911804199219,0.99960857629776,303.264892578125,327.2862243652344,0.9995861649513245
129,292.090087890625,228.77357482910156,0.9999587535858154,300.8252258300781,282.2522277832031,0.999703586101532,303.264892578125,327.47601318359375,0.9996417760848999
130,292.090087890625,228.94580078125,0.9999573230743408,301.0758361816406,282.5780334472656,0.9996658563613892,302.06005859375,327.8937683105469,0.9993844032287598
131,292.2933349609375,228.98110961914062,0.9999593496322632,301.1568298339844,282.5780334472656,0.9996664524078369,301.8353576660156,328.1664123535156,0.9992755055427551
132,293.3382873535156,229.26527404785156,0.9999579191207886,301.0758361816406,282.811767578125,0.9996274709701538,300.88079833984375,328.4100036621094,0.9994471669197083
133,293.3382873535156,229.29217529296875,0.9999569654464722,301.126708984375,282.8342590332031,0.999649167060852,300.69012451171875,328.5458984375,0.9993690848350525
134,293.3382873535156,229.34336853027344,0.9999566078186035,301.126708984375,282.9954528808594,0.9995342493057251,300.6658020019531,328.58197021484375,0.9994233846664429
135,292.7242736816406,229.51280212402344,0.9999604225158691,300.7255859375,283.7113037109375,0.9996055960655212,300.4568786621094,328.70086669921875,0.9993857145309448
136,292.69744873046875,229.51942443847656,0.9999632835388184,300.4249267578125,283.89080810546875,0.9994834661483765,300.2588806152344,329.1907043457031,0.999294638633728
137,292.6753234863281,229.81065368652344,0.9999648332595825,300.3814697265625,283.94818115234375,0.9994409680366516,300.2588806152344,329.2697448730469,0.9992497563362122
138,291.92181396484375,229.8602294921875,0.999967098236084,299.8111572265625,283.94818115234375,0.9994063377380371,300.2588806152344,329.4335632324219,0.9991955161094666
139,290.956298828125,229.8929901123047,0.9999632835388184,299.1492004394531,283.97991943359375,0.9994057416915894,300.2588806152344,329.9041442871094,0.99908447265625
140,290.74359130859375,230.13961791992188,0.9999661445617676,297.7560119628906,283.97991943359375,0.9992838501930237,300.2588806152344,330.419189453125,0.9989033937454224
141,290.3496398925781,230.22628784179688,0.9999616146087646,297.5081481933594,283.97991943359375,0.9993075132369995,300.0979309082031,330.6701354980469,0.9987614154815674
142,288.82080078125,230.349365234375,0.999945878982544,296.33502197265625,284.28253173828125,0.999570906162262,299.4321594238281,330.6701354980469,0.998853325843811
143,287.50836181640625,231.15060424804688,0.9999003410339355,295.7464599609375,284.3916931152344,0.9995591044425964,299.08953857421875,330.6826171875,0.9989228844642639
144,287.4275817871094,231.90843200683594,0.9998869895935059,294.7060852050781,284.50262451171875,0.9997294545173645,296.46478271484375,330.6826171875,0.9989370703697205
145,287.357421875,232.1768035888672,0.9998884201049805,294.1884460449219,284.5662536621094,0.9997300505638123,296.3348083496094,330.6826171875,0.9988415837287903
146,286.8929748535156,232.18014526367188,0.9998329877853394,293.88201904296875,284.9465637207031,0.9997653365135193,296.0553894042969,330.6826171875,0.9988921284675598
147,286.83428955078125,232.18014526367188,0.9998486042022705,293.8509521484375,284.9465637207031,0.9997503161430359,296.0041198730469,330.74993896484375,0.9989802241325378
148,286.7665710449219,232.18014526367188,0.9998425245285034,293.47174072265625,284.9465637207031,0.9997833371162415,295.9677429199219,330.7575378417969,0.9991495609283447
149,286.7665710449219,232.27694702148438,0.9998162388801575,293.30511474609375,284.9465637207031,0.9997654557228088,295.9258117675781,330.7575378417969,0.9989635944366455
150,286.6131286621094,232.13760375976562,0.9998400211334229,293.2418212890625,284.93695068359375,0.9997898936271667,295.4293212890625,330.7575378417969,0.9989416003227234
151,286.42938232421875,232.1255340576172,0.9998262524604797,293.2418212890625,284.93695068359375,0.9997933506965637,295.4293212890625,330.7575378417969,0.9991727471351624
152,284.7386779785156,231.75027465820312,0.999797523021698,293.20269775390625,284.7027587890625,0.9998143315315247,295.4293212890625,330.74798583984375,0.9990988969802856
153,284.69732666015625,231.1339569091797,0.9998226761817932,293.20269775390625,284.5704040527344,0.999764621257782,295.4293212890625,330.734619140625,0.9991497993469238
154,284.57049560546875,231.1339569091797,0.9998310804367065,293.49749755859375,284.7027587890625,0.9998233914375305,295.4293212890625,330.74798583984375,0.9989427924156189
155,284.57049560546875,231.1339569091797,0.9998218417167664,293.51361083984375,285.0323486328125,0.9998100399971008,295.6068420410156,330.8167724609375,0.998921275138855
156,284.57049560546875,231.34825134277344,0.9998156428337097,293.51361083984375,284.9168701171875,0.9998173117637634,295.9946594238281,330.8167724609375,0.9991287589073181
157,284.8081970214844,231.49749755859375,0.9998136162757874,293.83856201171875,285.0323486328125,0.9997908473014832,295.9224853515625,330.82379150390625,0.9989105463027954
158,285.0724792480469,231.56712341308594,0.9998173117637634,294.04095458984375,285.1385803222656,0.9997959733009338,295.9224853515625,330.90869140625,0.998885452747345
159,285.37213134765625,231.56712341308594,0.9998074173927307,294.1819763183594,285.1385803222656,0.9997650980949402,295.9224853515625,330.90869140625,0.9990455508232117
160,286.89794921875,232.05032348632812,0.9998339414596558,294.8741455078125,285.01849365234375,0.999711811542511,295.9224853515625,330.90869140625,0.9990861415863037
161,287.2680969238281,232.05514526367188,0.9998650550842285,294.8744812011719,285.51611328125,0.9997182488441467,295.9224853515625,330.90869140625,0.9991376399993896
162,287.39080810546875,232.62985229492188,0.9998867511749268,295.13623046875,285.4217224121094,0.9997243285179138,296.66949462890625,330.9981994628906,0.998807430267334
163,287.39080810546875,232.62985229492188,0.9998719692230225,295.21551513671875,285.4217224121094,0.9996792078018188,296.6747741699219,330.838134765625,0.9985771179199219
164,287.4117431640625,232.66036987304688,0.9998559951782227,295.21551513671875,285.54913330078125,0.9997084736824036,296.6747741699219,330.838134765625,0.9987836480140686
165,287.4117431640625,232.8263397216797,0.999824583530426,295.3515930175781,285.54913330078125,0.9996925592422485,296.6747741699219,330.9981994628906,0.9988952279090881
166,287.39080810546875,232.8263397216797,0.9998606443405151,295.3515930175781,285.5254211425781,0.9997047781944275,296.6747741699219,330.9981994628906,0.9989838004112244
167,286.9069519042969,232.8263397216797,0.9998824596405029,295.21551513671875,285.5254211425781,0.9996592998504639,296.48834228515625,331.31683349609375,0.9991027116775513
168,286.5328674316406,232.02340698242188,0.9998226761817932,295.1910705566406,285.2537841796875,0.999542236328125,296.48834228515625,331.31683349609375,0.9983073472976685
169,286.45111083984375,231.54995727539062,0.9998080134391785,294.6718444824219,284.85955810546875,0.9997647404670715,296.3656005859375,330.916748046875,0.9990253448486328
170,285.7657165527344,230.65469360351562,0.9998362064361572,294.2655029296875,284.4060363769531,0.9997190833091736,296.3656005859375,330.7139587402344,0.9985657334327698
171,285.4319152832031,230.594482421875,0.9998277425765991,294.1995849609375,284.2725830078125,0.9997469782829285,296.2786560058594,330.7139587402344,0.9988232254981995
172,284.59228515625,230.594482421875,0.9998311996459961,293.92364501953125,284.2195739746094,0.9997536540031433,296.2786560058594,330.39361572265625,0.9988131523132324
173,284.43572998046875,230.594482421875,0.999821126461029,293.4983215332031,284.2195739746094,0.9998307228088379,294.6032409667969,329.9057312011719,0.9991961121559143
174,283.8053894042969,231.2771453857422,0.9998142123222351,292.73858642578125,284.2195739746094,0.9998595714569092,294.1246643066406,329.90142822265625,0.9994586110115051
175,283.8053894042969,231.55052185058594,0.9998000264167786,292.3624267578125,284.2725830078125,0.9998694658279419,293.9497375488281,329.90142822265625,0.9994572997093201
176,283.8053894042969,231.5752410888672,0.9997981190681458,292.12738037109375,284.4234619140625,0.9998632669448853,293.89788818359375,329.9057312011719,0.999479353427887
177,283.6420593261719,231.58253479003906,0.9998041987419128,291.7582702636719,284.4234619140625,0.9998928308486938,293.04888916015625,329.9651794433594,0.9994899034500122
178,283.6420593261719,231.58253479003906,0.9998065829277039,291.7582702636719,284.4234619140625,0.9998798370361328,292.98089599609375,330.1155090332031,0.9993507266044617
179,283.6420593261719,231.58367919921875,0.9998006224632263,291.7582702636719,284.5841369628906,0.9998958110809326,292.97430419921875,330.239990234375,0.9994593262672424
180,282.632568359375,231.58253479003906,0.9997907280921936,291.6717834472656,284.5841369628906,0.999854326248169,292.97430419921875,330.3062744140625,0.9993552565574646
181,282.6049499511719,231.35545349121094,0.9997844099998474,291.6717834472656,284.3792724609375,0.9998642206192017,292.93670654296875,330.33441162109375,0.9994162321090698
182,282.6049499511719,231.23655700683594,0.9998072981834412,291.80157470703125,284.51708984375,0.9998619556427002,292.8830261230469,330.33441162109375,0.9993844032287598
183,282.632568359375,231.23655700683594,0.9998125433921814,291.80157470703125,284.45025634765625,0.9998724460601807,292.93670654296875,330.33441162109375,0.9994020462036133
184,282.6049499511719,231.10621643066406,0.9998043179512024,291.80157470703125,284.45025634765625,0.9998718500137329,292.8830261230469,330.33441162109375,0.9993305206298828
185,282.7122497558594,231.10621643066406,0.9998030066490173,292.0406494140625,284.5126953125,0.999848484992981,292.8830261230469,330.2059631347656,0.9993657469749451
186,282.7122497558594,231.23655700683594,0.9997981190681458,292.0406494140625,284.51708984375,0.9998706579208374,292.9083557128906,330.2059631347656,0.9994035959243774
187,282.47186279296875,231.6342010498047,0.9997908473014832,292.0406494140625,284.5126953125,0.9998776912689209,293.26422119140625,330.2059631347656,0.9993925094604492
188,282.467041015625,232.2168426513672,0.9997530579566956,291.9744567871094,284.59259033203125,0.9998630285263062,293.1716613769531,330.2059631347656,0.9994307160377502
189,282.47186279296875,232.60523986816406,0.9997298121452332,291.76959228515625,284.59259033203125,0.9998723268508911,293.3240661621094,330.2059631347656,0.9993411898612976
190,282.47186279296875,232.8213653564453,0.9997120499610901,291.76959228515625,284.7379455566406,0.9998735189437866,293.3480224609375,330.4267272949219,0.9992892742156982
191,282.47772216796875,232.8871612548828,0.9997230172157288,291.76959228515625,285.0304870605469,0.9998869895935059,293.3240661621094,330.661376953125,0.9993630051612854
192,282.632568359375,232.9799041748047,0.9997276663780212,292.9131164550781,286.1390380859375,0.999792754650116,293.1716613769531,330.81982421875,0.9993436932563782
193,282.89703369140625,233.02928161621094,0.9997569918632507,292.9131164550781,286.5050964355469,0.9997803568840027,292.6331481933594,331.2814636230469,0.999437153339386
194,283.0818176269531,233.12583923339844,0.9997442364692688,292.97125244140625,286.7867431640625,0.999779999256134,292.5808410644531,331.40789794921875,0.9994131326675415
195,283.02349853515625,233.4228973388672,0.9997127652168274,292.97125244140625,286.7867431640625,0.9998137354850769,292.5808410644531,332.0799865722656,0.999525785446167
196,283.02349853515625,233.56039428710938,0.9997335076332092,293.045654296875,286.6431884765625,0.9997288584709167,291.712646484375,332.1358642578125,0.999479353427887
197,283.02349853515625,233.8550262451172,0.9996777772903442,294.3356628417969,286.51239013671875,0.9996954202651978,291.712646484375,332.4300842285156,0.9994421601295471
198,283.02349853515625,233.8550262451172,0.9996843338012695,294.3953552246094,286.51239013671875,0.9997991919517517,291.82965087890625,332.4300842285156,0.9995104074478149
199,283.02349853515625,233.8550262451172,0.9996273517608643,294.3953552246094,286.51239013671875,0.9997779726982117,292.24591064453125,332.21942138671875,0.9994822144508362
200,282.94915771484375,233.68197631835938,0.9996930360794067,294.3356628417969,286.6431884765625,0.9997267127037048,292.24591064453125,332.5876770019531,0.9994810223579407
201,283.07415771484375,233.46319580078125,0.999745786190033,293.28594970703125,286.6439514160156,0.9997004270553589,292.24591064453125,332.4084167480469,0.9994438290596008
202,283.1202392578125,233.46319580078125,0.9997326731681824,292.8851623535156,287.0691833496094,0.9997549653053284,292.24591064453125,332.21942138671875,0.9994852542877197
203,283.40899658203125,233.46319580078125,0.9997374415397644,292.6787414550781,287.4588623046875,0.9997979998588562,292.14202880859375,332.21942138671875,0.9995006322860718
204,283.40899658203125,234.574951171875,0.9996148347854614,291.8091735839844,287.3949279785156,0.9997963309288025,292.0118408203125,332.4084167480469,0.999415397644043
205,283.40899658203125,234.64303588867188,0.9995790123939514,291.8091735839844,287.3949279785156,0.9998200535774231,290.9314880371094,332.4084167480469,0.9995249509811401
206,282.2987365722656,235.44158935546875,0.999485969543457,291.8091735839844,287.5388488769531,0.9998975992202759,289.92193603515625,332.7398986816406,0.99954754114151
207,281.91180419921875,235.8046112060547,0.9996083378791809,291.8091735839844,287.594482421875,0.9998806715011597,289.8917541503906,333.34503173828125,0.9995662569999695
208,281.7265625,235.96029663085938,0.999617338180542,291.8091735839844,287.6163330078125,0.9999088048934937,289.813720703125,333.3929138183594,0.9995495676994324
209,281.53387451171875,236.8343048095703,0.9993261098861694,291.4759826660156,289.3128356933594,0.9999566078186035,289.74859619140625,335.4280700683594,0.9995624423027039
210,281.000244140625,237.1903533935547,0.9994263648986816,290.9245300292969,289.7472839355469,0.9999549388885498,289.39422607421875,335.8968200683594,0.9995711445808411
211,280.88934326171875,237.206298828125,0.9991956353187561,290.18212890625,291.4375915527344,0.9999574422836304,289.0099792480469,336.78656005859375,0.9995549321174622
212,280.35791015625,238.14718627929688,0.9994164705276489,289.7860107421875,292.84326171875,0.9999607801437378,288.0481872558594,337.7618408203125,0.9992954730987549
213,280.26177978515625,240.89141845703125,0.9996045231819153,288.8349914550781,294.53057861328125,0.9999487400054932,286.69415283203125,338.1116638183594,0.9994627833366394
214,279.9109191894531,242.40225219726562,0.9998055100440979,288.83197021484375,296.0670166015625,0.9999052286148071,286.3571472167969,339.0518798828125,0.9996367692947388
215,277.8398132324219,245.3260955810547,0.9999476671218872,285.8990783691406,296.8959045410156,0.9997653365135193,283.69061279296875,342.0003356933594,0.9995436072349548
216,276.703369140625,247.04403686523438,0.9999594688415527,285.383056640625,300.1605529785156,0.9994547963142395,283.00750732421875,345.7375793457031,0.999057948589325
217,274.48223876953125,248.87046813964844,0.9999386072158813,284.12347412109375,302.5911560058594,0.9992996454238892,279.3513488769531,347.06500244140625,0.9992008805274963
218,273.1778259277344,252.24581909179688,0.9996492862701416,283.5817565917969,304.4189147949219,0.9997921586036682,278.34979248046875,350.8346862792969,0.9993864297866821
219,273.0446472167969,253.41729736328125,0.9995031356811523,282.6842346191406,305.3846130371094,0.9998522996902466,277.54498291015625,352.5775451660156,0.9996652603149414
220,271.7967529296875,256.0591735839844,0.9996474981307983,279.35345458984375,306.64202880859375,0.9999319314956665,277.3059997558594,354.24169921875,0.9997695088386536
221,271.2706604003906,258.1441650390625,0.9997442364692688,277.1180419921875,309.052734375,0.9999507665634155,276.8156433105469,355.5623474121094,0.999835729598999
222,269.77386474609375,260.212890625,0.9997290968894958,276.8673400878906,310.5816955566406,0.9999381303787231,276.2729187011719,356.2914733886719,0.9998462200164795
223,267.42431640625,261.253173828125,0.9997196793556213,276.2373352050781,311.8865966796875,0.9998353719711304,276.2729187011719,357.9893798828125,0.999816358089447
224,266.5557556152344,263.1561279296875,0.9997153878211975,275.8916320800781,313.5726318359375,0.999772846698761,276.2729187011719,360.0951232910156,0.999737560749054
225,263.5396728515625,263.52978515625,0.9999321699142456,275.32623291015625,315.05194091796875,0.9998458623886108,276.2729187011719,361.61602783203125,0.9995423555374146
226,263.03485107421875,265.73895263671875,0.9999185800552368,274.3170166015625,317.7608642578125,0.999876856803894,275.71319580078125,361.8017578125,0.999494194984436
227,262.3250427246094,267.0044250488281,0.9998953342437744,274.13092041015625,319.31195068359375,0.9998409748077393,274.5025329589844,364.2500305175781,0.9995713829994202
228,261.13653564453125,268.6206970214844,0.9997621178627014,273.59100341796875,322.8202209472656,0.9999477863311768,274.0733337402344,365.553466796875,0.9996371269226074
229,260.62127685546875,270.6431884765625,0.9996132254600525,273.501220703125,324.0693664550781,0.9999502897262573,273.1434020996094,367.5673828125,0.9996529817581177
230,260.4307556152344,272.25921630859375,0.9996664524078369,272.8956298828125,326.4935607910156,0.9999322891235352,272.662841796875,368.9252624511719,0.9997115731239319
231,260.62127685546875,274.6922912597656,0.9998916387557983,271.8455505371094,327.4791259765625,0.9998787641525269,271.93304443359375,371.78778076171875,0.9998113512992859
232,260.4307556152344,276.41363525390625,0.9999387264251709,271.4789733886719,329.0200500488281,0.9997029900550842,271.4201965332031,373.3995666503906,0.9998075366020203
233,260.08587646484375,277.4996337890625,0.9999512434005737,271.35986328125,330.5804748535156,0.9997850060462952,270.4351501464844,375.8885192871094,0.9996169805526733
234,260.08587646484375,278.7575988769531,0.9999510049819946,271.35986328125,331.93896484375,0.9997966885566711,270.3681335449219,377.3191223144531,0.9993749260902405
235,259.43695068359375,279.5811767578125,0.9999502897262573,271.35986328125,334.4440002441406,0.9996755123138428,269.470703125,381.6413269042969,0.9989975094795227
236,259.43695068359375,280.1488342285156,0.9999362230300903,271.35986328125,334.7179260253906,0.999626874923706,268.8674621582031,383.62530517578125,0.9994271993637085
237,259.3332824707031,281.5213928222656,0.999919056892395,271.2222595214844,335.4476623535156,0.9997472167015076,268.7105407714844,383.8182067871094,0.9994018077850342
238,259.3332824707031,282.85858154296875,0.9998729228973389,271.2222595214844,338.08795166015625,0.9998637437820435,268.6831970214844,384.8427734375,0.999580442905426
239,259.3332824707031,283.22845458984375,0.999824583530426,271.2222595214844,338.1960754394531,0.999829888343811,268.3434143066406,384.8427734375,0.9996082186698914
240,259.452392578125,283.9627990722656,0.9996562004089355,269.76678466796875,338.6590881347656,0.9998657703399658,267.9210205078125,384.8427734375,0.9995887875556946
241,259.452392578125,283.9627990722656,0.9996521472930908,269.5110778808594,338.73480224609375,0.9998927116394043,267.88885498046875,384.99896240234375,0.9995775818824768
242,259.56195068359375,283.9627990722656,0.9996873140335083,269.2254333496094,338.8213195800781,0.9998581409454346,267.5106506347656,384.99896240234375,0.9995495676994324
243,259.56195068359375,283.08740234375,0.9998021721839905,269.4299621582031,338.73480224609375,0.9998656511306763,267.2245788574219,384.9141845703125,0.99957674741745
244,259.76458740234375,283.0089416503906,0.9998094439506531,269.4299621582031,338.6590881347656,0.9998779296875,267.2245788574219,384.9141845703125,0.9995551705360413
245,260.5862731933594,281.30584716796875,0.9999065399169922,269.4299621582031,337.98736572265625,0.9998390674591064,267.5106506347656,384.9141845703125,0.999550998210907
246,260.6228942871094,280.9537353515625,0.999914288520813,270.0747375488281,337.2231140136719,0.9998152852058411,267.79217529296875,384.0565185546875,0.9994962215423584
247,262.0945739746094,279.83966064453125,0.999921441078186,270.86529541015625,334.90447998046875,0.999624490737915,269.301025390625,383.2341613769531,0.9992631077766418
248,262.306640625,278.7746887207031,0.999923586845398,271.7129821777344,332.9504699707031,0.9997599720954895,270.7630310058594,381.4020690917969,0.9992514252662659
249,263.0024719238281,278.3033752441406,0.9999094009399414,272.80596923828125,332.1746826171875,0.9998251795768738,271.65179443359375,377.7317199707031,0.9994755387306213
250,263.7690124511719,277.20477294921875,0.9998819828033447,273.9935302734375,329.76690673828125,0.9998462200164795,271.6625061035156,377.0162658691406,0.9996144771575928
251,264.63226318359375,275.9818420410156,0.9997897744178772,275.3107604980469,329.06158447265625,0.9998272061347961,274.0870666503906,373.7778015136719,0.9998581409454346
252,266.503173828125,274.7221984863281,0.9995149374008179,275.460693359375,328.13775634765625,0.9999127388000488,277.2895812988281,370.4988098144531,0.9997894167900085
253,269.71435546875,271.40960693359375,0.9989929795265198,277.96160888671875,325.8285827636719,0.9999227523803711,278.7564392089844,369.1308288574219,0.9996775388717651
254,271.9741516113281,269.1481628417969,0.9995294809341431,283.3331298828125,324.4998474121094,0.9998589754104614,280.40576171875,366.6120300292969,0.9980764389038086
255,272.216552734375,268.6969299316406,0.9995642304420471,284.5329284667969,323.0326843261719,0.9999179840087891,284.5164489746094,366.0552062988281,0.9986538887023926
256,275.17327880859375,265.4317321777344,0.9999129772186279,288.2987976074219,319.29510498046875,0.9996827840805054,286.9317626953125,362.77728271484375,0.9990346431732178
257,277.95062255859375,263.40399169921875,0.999922513961792,289.22320556640625,315.6601867675781,0.9998756647109985,287.0577392578125,361.6440734863281,0.9994385838508606
258,281.9044494628906,260.92901611328125,0.9996833801269531,289.3849182128906,313.5659484863281,0.9998157620429993,287.61480712890625,359.84625244140625,0.9996438026428223
259,285.6111145019531,259.67431640625,0.9996592998504639,289.6258239746094,312.0272216796875,0.9999426603317261,287.61480712890625,356.0717468261719,0.999765932559967
260,287.0950927734375,255.2529296875,0.9993119239807129,292.05255126953125,308.0377197265625,0.9999691247940063,288.9485168457031,353.6179504394531,0.9997490048408508
261,288.0898742675781,251.81739807128906,0.9996721744537354,293.3027038574219,303.4060363769531,0.9998934268951416,289.5114440917969,350.45892333984375,0.9995226860046387
262,290.30218505859375,247.271484375,0.9999494552612305,295.2774963378906,299.4629211425781,0.999691367149353,291.71832275390625,345.4363098144531,0.9995483756065369
263,290.9815368652344,243.83355712890625,0.9999217987060547,298.9091796875,297.16522216796875,0.9998329877853394,294.3161926269531,342.6106262207031,0.9997773766517639
264,292.6155700683594,240.70806884765625,0.9996452331542969,300.97833251953125,294.13800048828125,0.9999343156814575,298.6459045410156,337.1340637207031,0.999127209186554
265,293.2410888671875,236.73841857910156,0.999748170375824,301.3922119140625,290.5345764160156,0.9999239444732666,298.755615234375,334.5711364746094,0.9985666871070862
266,294.58349609375,233.79006958007812,0.9999055862426758,303.4335021972656,286.7049255371094,0.9996883869171143,300.73065185546875,332.0647888183594,0.9975317716598511
267,295.0760803222656,231.886474609375,0.9999325275421143,303.64202880859375,284.381103515625,0.9997363686561584,301.5001220703125,331.0518493652344,0.9975321292877197
268,295.49267578125,231.18434143066406,0.9999299049377441,303.7919921875,283.5357971191406,0.9998237490653992,301.8763122558594,329.97265625,0.9986706972122192
269,295.49267578125,231.18434143066406,0.9999004602432251,303.64202880859375,283.4292297363281,0.9998494386672974,301.8763122558594,329.66668701171875,0.9992638230323792
270,295.0760803222656,231.18434143066406,0.9999033212661743,303.7919921875,283.4292297363281,0.9998301267623901,302.750244140625,329.66668701171875,0.9994584918022156
271,295.0732421875,231.23208618164062,0.9999352693557739,303.7919921875,283.5357971191406,0.9998015761375427,302.750244140625,329.66668701171875,0.9990027546882629
272,293.8861083984375,232.2957305908203,0.9999496936798096,303.6488952636719,284.146240234375,0.9998342990875244,302.750244140625,330.26654052734375,0.9988632202148438
273,293.6187438964844,233.74620056152344,0.9999349117279053,303.6488952636719,285.3707580566406,0.9997835755348206,302.6209411621094,331.52215576171875,0.9988449811935425
274,293.6059265136719,234.70042419433594,0.9999057054519653,303.8172302246094,286.2149353027344,0.9997760653495789,302.6209411621094,332.6284484863281,0.9991214871406555
275,293.5477600097656,234.75985717773438,0.999896764755249,303.8172302246094,286.3496398925781,0.9998482465744019,302.46661376953125,333.4091796875,0.9992924928665161
276,293.6059265136719,234.7969207763672,0.999830961227417,303.8172302246094,287.2703857421875,0.9998032450675964,301.78289794921875,334.51824951171875,0.9990894794464111
277,293.6187438964844,234.7969207763672,0.9998520612716675,304.2922668457031,287.2703857421875,0.9997559189796448,301.443603515625,334.51824951171875,0.9990022778511047
278,293.71429443359375,234.7969207763672,0.9998462200164795,303.94146728515625,287.2703857421875,0.9997259974479675,301.443603515625,334.51824951171875,0.9989701509475708
279,293.9106750488281,234.72698974609375,0.9998525381088257,304.2922668457031,287.1722106933594,0.9997976422309875,301.78289794921875,334.14599609375,0.9989238381385803
280,293.93316650390625,234.6628875732422,0.9998797178268433,304.40423583984375,287.1444396972656,0.9997841715812683,301.9638671875,334.1132507324219,0.9990448355674744
281,294.1090393066406,234.55018615722656,0.9999046325683594,304.5129699707031,287.1064453125,0.9997708201408386,302.76190185546875,333.0389099121094,0.9991298317909241
282,294.1405944824219,234.46507263183594,0.9998904466629028,304.5137939453125,287.0116882324219,0.9998441934585571,302.8559875488281,332.61151123046875,0.9990861415863037
283,294.21502685546875,234.46507263183594,0.9998719692230225,304.66363525390625,286.9194030761719,0.9997968077659607,302.8559875488281,332.61151123046875,0.9991264939308167
284,294.21502685546875,234.36085510253906,0.9999032020568848,304.7181396484375,286.9194030761719,0.9997840523719788,302.8559875488281,332.61151123046875,0.9990473389625549
285,294.8068542480469,234.36085510253906,0.9998780488967896,305.0277099609375,287.0116882324219,0.9997689127922058,300.878662109375,334.4662170410156,0.9989427924156189
286,294.21502685546875,234.36085510253906,0.9998928308486938,305.0277099609375,287.9013366699219,0.9998425245285034,300.878662109375,335.1005554199219,0.9991987347602844
287,294.20086669921875,234.5459442138672,0.9998518228530884,305.0277099609375,287.92388916015625,0.9998818635940552,300.878662109375,335.24017333984375,0.9992493987083435
288,293.9451904296875,234.9632568359375,0.9997987151145935,304.9901123046875,289.882568359375,0.9999110698699951,302.435302734375,335.2496032714844,0.9991114735603333
289,293.9451904296875,235.19627380371094,0.9998340606689453,304.84039306640625,290.0383605957031,0.9999096393585205,302.8170166015625,335.24017333984375,0.9991832375526428
290,293.4649353027344,235.24671936035156,0.9998099207878113,304.51263427734375,290.0383605957031,0.9999204874038696,302.8170166015625,335.20025634765625,0.9992165565490723
291,293.43609619140625,235.32102966308594,0.9997575879096985,304.1272888183594,290.0383605957031,0.9999265670776367,302.8170166015625,335.24017333984375,0.9992491602897644
292,293.2300109863281,235.33155822753906,0.9998034834861755,304.0412292480469,290.0383605957031,0.9998822212219238,301.5362548828125,335.31689453125,0.99892657995224
293,292.9873352050781,235.33155822753906,0.9998133778572083,303.83282470703125,290.0383605957031,0.9998916387557983,301.3809509277344,335.31689453125,0.9990983009338379
294,292.8145751953125,235.32102966308594,0.9998364448547363,303.2598571777344,290.20361328125,0.9998756647109985,300.67767333984375,335.31689453125,0.999234676361084
295,292.8145751953125,235.24151611328125,0.9998389482498169,303.2598571777344,290.20361328125,0.9998691082000732,300.4683837890625,335.34320068359375,0.9992926120758057
296,292.7952575683594,235.24151611328125,0.9998600482940674,303.2598571777344,290.20361328125,0.9998577833175659,300.4007568359375,335.34320068359375,0.9992031455039978
297,292.7952575683594,235.24151611328125,0.9998273849487305,301.8497314453125,289.9114990234375,0.9998528957366943,299.7791748046875,335.34320068359375,0.9992471933364868
298,292.7952575683594,235.3914337158203,0.9997836947441101,303.5468444824219,289.9114990234375,0.9998492002487183,300.4007568359375,335.34320068359375,0.9992221593856812
299,292.8391418457031,235.41281127929688,0.9998514652252197,303.736083984375,289.8268737792969,0.9998546838760376,300.4683837890625,335.34320068359375,0.9993158578872681
300,292.7952575683594,235.5681610107422,0.9998077750205994,303.9158630371094,289.8268737792969,0.9999191761016846,301.7200927734375,335.1444091796875,0.9992573857307434
301,292.7088928222656,235.5681610107422,0.9998431205749512,303.9158630371094,289.5507507324219,0.9998805522918701,301.7200927734375,334.6495666503906,0.9991101622581482
302,292.7088928222656,235.59385681152344,0.9998370409011841,303.9158630371094,289.4184875488281,0.9998806715011597,301.7200927734375,334.6495666503906,0.9990037083625793
303,292.6174621582031,235.79148864746094,0.9998278617858887,302.62847900390625,289.4066467285156,0.9998396635055542,301.7200927734375,334.6162414550781,0.999086856842041
304,292.0267333984375,235.83877563476562,0.999829888343811,302.2778015136719,289.29779052734375,0.9998469352722168,301.1947326660156,334.52362060546875,0.9991948008537292
305,291.4376220703125,235.90443420410156,0.9998233914375305,302.2687683105469,289.29779052734375,0.9998352527618408,301.1947326660156,334.509765625,0.9989587068557739
306,291.4376220703125,235.97593688964844,0.999821126461029,302.01275634765625,289.34033203125,0.9998326301574707,301.1947326660156,334.52362060546875,0.998604953289032
307,291.4376220703125,236.13148498535156,0.999806821346283,301.9890441894531,289.34033203125,0.9998520612716675,301.1947326660156,334.52362060546875,0.9988582134246826
308,291.4376220703125,236.57711791992188,0.9997722506523132,301.9890441894531,289.6881408691406,0.9998764991760254,301.1594543457031,334.68408203125,0.9989989399909973
309,291.4376220703125,236.57711791992188,0.9997346997261047,301.3612365722656,289.83282470703125,0.9998916387557983,301.1594543457031,334.6930236816406,0.9990419745445251
310,291.3468322753906,236.57711791992188,0.9997465014457703,301.3233337402344,289.8333435058594,0.9998816251754761,301.1594543457031,334.6930236816406,0.9991273283958435
311,291.0160217285156,236.55906677246094,0.9997469782829285,301.1543884277344,289.9654846191406,0.9998832941055298,301.1219482421875,334.7309875488281,0.9989859461784363
312,290.19378662109375,236.1758575439453,0.9998258948326111,301.1050109863281,290.0467529296875,0.9998819828033447,301.1219482421875,334.7309875488281,0.9990241527557373
313,290.1834716796875,236.1758575439453,0.999797523021698,300.928955078125,290.22991943359375,0.9998924732208252,300.9580383300781,334.7309875488281,0.9991312623023987
314,290.1834716796875,236.1758575439453,0.9997459053993225,300.9222412109375,290.9299011230469,0.9999008178710938,300.2038269042969,334.7309875488281,0.9989657402038574
315,290.1834716796875,236.55386352539062,0.999721109867096,300.6505126953125,291.5835876464844,0.9999146461486816,299.18701171875,334.9034423828125,0.9990743398666382
316,290.1851501464844,237.20530700683594,0.9995927214622498,299.7430419921875,292.3197937011719,0.9999226331710815,296.4928283691406,335.52117919921875,0.9992305040359497
317,290.1851501464844,237.79742431640625,0.9996469020843506,298.9797668457031,293.9342346191406,0.9999071359634399,295.95880126953125,336.61456298828125,0.999542236328125
318,290.1851501464844,240.26242065429688,0.9997329115867615,298.8431091308594,294.16644287109375,0.999908447265625,295.41107177734375,336.6201171875,0.9994409680366516
319,289.9386901855469,242.4987030029297,0.9998856782913208,296.19189453125,294.49847412109375,0.9998841285705566,294.4997253417969,339.54058837890625,0.9996848106384277
320,289.0321350097656,243.2626190185547,0.9998923540115356,294.8947448730469,296.17010498046875,0.9998501539230347,293.28948974609375,341.1239318847656,0.9997908473014832
321,287.1627502441406,246.89852905273438,0.9998650550842285,294.8477478027344,298.0411071777344,0.9996945858001709,292.0231018066406,343.0809020996094,0.999769389629364
322,287.1134033203125,247.66693115234375,0.9998831748962402,293.92047119140625,299.9009704589844,0.9997767806053162,289.56719970703125,346.3651123046875,0.9993019104003906
323,285.8043518066406,249.39715576171875,0.9996753931045532,293.45928955078125,301.20928955078125,0.9997274279594421,289.00042724609375,347.4168701171875,0.9994588494300842
324,283.37554931640625,251.30516052246094,0.9995207786560059,292.29107666015625,304.23590087890625,0.9999278783798218,288.05487060546875,351.4146423339844,0.9994173049926758
325,282.8529052734375,254.34950256347656,0.9988089799880981,289.8675842285156,307.4178771972656,0.9999650716781616,288.05487060546875,353.0443115234375,0.9996188879013062
326,282.6620178222656,256.60699462890625,0.9993292093276978,289.47601318359375,309.1092834472656,0.9999587535858154,286.83404541015625,354.1587829589844,0.9996302127838135
327,281.92083740234375,258.4744567871094,0.999553382396698,289.3782958984375,311.7845153808594,0.9999197721481323,286.5931091308594,354.5088806152344,0.9996994733810425
328,278.84075927734375,261.4159851074219,0.9999098777770996,289.2391052246094,313.82049560546875,0.9997701048851013,286.83404541015625,357.8671569824219,0.999661922454834
329,276.5063781738281,262.9816589355469,0.9999477863311768,288.0788269042969,315.2879638671875,0.9997758269309998,286.83404541015625,359.825927734375,0.9993329644203186
330,276.2464294433594,265.1093444824219,0.9999299049377441,287.6199035644531,318.4649658203125,0.9997124075889587,286.5931091308594,361.7503662109375,0.9987109899520874
331,273.99224853515625,266.140625,0.9999022483825684,287.0814208984375,320.6783447265625,0.9997348189353943,286.10675048828125,364.6525573730469,0.9984867572784424
332,273.88348388671875,268.3101501464844,0.99973064661026,286.0701904296875,322.85272216796875,0.9998738765716553,285.8904113769531,366.0128479003906,0.999051034450531
333,273.2022399902344,268.98626708984375,0.9996470212936401,284.6626892089844,324.23175048828125,0.999889612197876,285.2127685546875,366.5167541503906,0.9986853003501892
334,272.9212646484375,272.62060546875,0.9997716546058655,283.9630126953125,327.015869140625,0.9998722076416016,283.78167724609375,368.70513916015625,0.9993374943733215
335,271.6844482421875,274.76416015625,0.999829888343811,283.3320617675781,328.56939697265625,0.9997574687004089,283.7469482421875,371.85028076171875,0.9996052384376526
336,268.00982666015625,275.53118896484375,0.9997583031654358,279.2884826660156,330.3646240234375,0.9996334314346313,278.03985595703125,374.72784423828125,0.9997544884681702
337,267.93719482421875,276.4893493652344,0.9997743964195251,278.143798828125,331.3341979980469,0.9998193383216858,276.9709777832031,377.78765869140625,0.9996421337127686
338,266.7140197753906,277.8775329589844,0.9997546076774597,276.4766845703125,332.916015625,0.9998127818107605,274.99725341796875,379.1490783691406,0.9995194673538208
339,266.00518798828125,278.46331787109375,0.9997304081916809,276.3898010253906,333.0032958984375,0.9998363256454468,274.7334289550781,380.8433837890625,0.9994367957115173
340,265.3205871582031,279.765380859375,0.9997425675392151,276.1065979003906,334.3808288574219,0.9998493194580078,274.6237487792969,383.89599609375,0.9994889497756958
341,264.7699279785156,281.1562194824219,0.9997313618659973,275.8395690917969,334.7654113769531,0.9998743534088135,273.8584289550781,384.4227600097656,0.9996323585510254
342,264.7232360839844,282.1680908203125,0.9996602535247803,274.92340087890625,336.26068115234375,0.999922513961792,274.32080078125,385.79486083984375,0.9997139573097229
343,264.3707580566406,283.3798522949219,0.999503493309021,274.8929748535156,338.2994689941406,0.9999489784240723,274.32080078125,386.5349426269531,0.9997701048851013
344,264.1882019042969,283.7170715332031,0.9992534518241882,274.8039245605469,338.5495300292969,0.9999502897262573,274.07757568359375,386.7266845703125,0.9997569918632507
345,264.1882019042969,283.7170715332031,0.9994332194328308,274.8929748535156,338.82733154296875,0.9999569654464722,274.07757568359375,386.9282531738281,0.9998015761375427
346,264.1882019042969,283.7170715332031,0.9994487166404724,274.92340087890625,338.82733154296875,0.9999560117721558,274.07757568359375,386.9282531738281,0.9998114705085754
347,264.4580078125,283.48876953125,0.9994077682495117,274.9654235839844,338.82733154296875,0.9999520778656006,274.07086181640625,386.9282531738281,0.9997946619987488
348,265.2004699707031,283.3099060058594,0.9991951584815979,275.4794616699219,338.72265625,0.999944806098938,274.07086181640625,385.9279479980469,0.9997624754905701
349,265.5558776855469,282.5037841796875,0.999450147151947,275.9134521484375,337.86541748046875,0.99993896484375,274.07086181640625,385.50482177734375,0.9996918439865112
350,265.65118408203125,281.18658447265625,0.9994827508926392,276.661376953125,336.8783874511719,0.9999017715454102,274.81951904296875,384.73492431640625,0.9996834993362427
351,265.90985107421875,280.3479309082031,0.999605119228363,277.2090759277344,335.0556640625,0.9998856782913208,274.91790771484375,384.6936340332031,0.9996519088745117
352,267.90924072265625,279.9239501953125,0.999664306640625,277.8824157714844,334.0528564453125,0.9997650980949402,275.2483215332031,381.54266357421875,0.9995101690292358
353,268.3708801269531,278.12066650390625,0.999739944934845,278.7717590332031,334.02764892578125,0.9996275901794434,275.58697509765625,379.6810607910156,0.9995112419128418
354,270.8106384277344,278.080078125,0.9998589754104614,279.8987121582031,333.2684631347656,0.999458372592926,276.2635498046875,378.7271423339844,0.9994491934776306
355,271.178955078125,277.7218933105469,0.9998359680175781,280.6148986816406,332.5447998046875,0.9994441866874695,277.9773254394531,377.7816162109375,0.9995256662368774
356,272.53997802734375,275.5981750488281,0.9998925924301147,283.0139465332031,331.3103942871094,0.9994465708732605,280.40594482421875,374.5787048339844,0.9995691180229187
357,274.57904052734375,275.3395080566406,0.9999134540557861,285.09991455078125,328.2957763671875,0.9997615218162537,282.69415283203125,372.19964599609375,0.9996875524520874
358,276.97662353515625,272.4636535644531,0.999783456325531,287.0688781738281,327.8767395019531,0.999864935874939,284.6950988769531,369.856201171875,0.9996765851974487
359,277.001220703125,269.3117980957031,0.999663233757019,288.10455322265625,326.05218505859375,0.9999239444732666,286.88555908203125,369.064208984375,0.9995504021644592
360,279.4625244140625,267.88677978515625,0.9995707869529724,289.8330993652344,322.83447265625,0.9999502897262573,288.7451477050781,366.9932556152344,0.9995594620704651
361,281.426513671875,265.8034973144531,0.999677300453186,291.6795654296875,320.6788330078125,0.9999474287033081,291.2453308105469,365.3894958496094,0.999505877494812
362,283.2140808105469,264.1049499511719,0.9997382760047913,293.4971923828125,318.46343994140625,0.9997319579124451,292.4615173339844,362.7847900390625,0.9992344379425049
363,287.5526428222656,262.8776550292969,0.9998797178268433,294.8134460449219,316.96368408203125,0.9996428489685059,293.68804931640625,361.6560363769531,0.9993628859519958
364,289.8609313964844,260.5254821777344,0.9999240636825562,299.1593933105469,315.22845458984375,0.9994276165962219,297.5597229003906,361.2085266113281,0.999299168586731
365,294.0301208496094,256.1109313964844,0.9997003078460693,300.14178466796875,312.3779602050781,0.9998424053192139,299.1715087890625,355.0626220703125,0.9995905756950378
366,295.75262451171875,253.44158935546875,0.9992470741271973,302.728759765625,311.16339111328125,0.999884843826294,299.65087890625,353.6365966796875,0.9995924830436707
367,295.93182373046875,249.85372924804688,0.9997478127479553,304.1474304199219,307.1424255371094,0.9999357461929321,301.0960693359375,351.2698974609375,0.9992235898971558
368,298.6278076171875,247.23928833007812,0.9997947812080383,305.9840393066406,301.0010986328125,0.9999202489852905,303.4605712890625,347.09771728515625,0.9987609386444092
369,300.0544128417969,245.21934509277344,0.9998019337654114,307.58319091796875,297.5060729980469,0.9998791217803955,304.6870422363281,343.4810791015625,0.9996497631072998
370,300.2029113769531,242.011962890625,0.9996036887168884,308.32183837890625,295.83673095703125,0.9999467134475708,306.0459899902344,338.91436767578125,0.9995341300964355
371,300.60675048828125,236.5386962890625,0.998906135559082,308.656005859375,292.9950256347656,0.9999746084213257,307.6784362792969,337.1731262207031,0.9996957778930664
372,301.5173645019531,234.6207733154297,0.999470055103302,310.1227722167969,287.74114990234375,0.9998650550842285,308.89990234375,333.44580078125,0.999268114566803
373,301.5787048339844,230.6806640625,0.9998157620429993,310.9975280761719,286.693359375,0.9997168183326721,310.4559631347656,330.78582763671875,0.998455286026001
374,302.7167053222656,230.5203094482422,0.999842643737793,311.4474182128906,283.1625671386719,0.9996422529220581,310.5765686035156,329.11865234375,0.9989503026008606
375,303.1047058105469,229.78038024902344,0.9998977184295654,311.4474182128906,282.5240783691406,0.9996033310890198,310.99322509765625,328.5448913574219,0.9994058609008789
376,303.1047058105469,229.78038024902344,0.9998431205749512,311.4474182128906,282.5240783691406,0.9996744394302368,310.5765686035156,328.5448913574219,0.9995371103286743
377,303.1047058105469,229.78038024902344,0.9998695850372314,311.4474182128906,282.5240783691406,0.9993864297866821,310.4559631347656,328.5448913574219,0.9992730021476746
378,303.1011962890625,230.7272491455078,0.9998584985733032,310.9490966796875,283.1661682128906,0.9996563196182251,310.2261047363281,328.857666015625,0.9991169571876526
379,302.231201171875,230.94175720214844,0.9998071789741516,310.08892822265625,284.29541015625,0.9997945427894592,309.07916259765625,330.4594421386719,0.9990776777267456
380,301.0507507324219,231.1513214111328,0.9998219609260559,310.0376281738281,285.8160095214844,0.9997816681861877,308.4989013671875,331.1573181152344,0.9987443685531616
381,300.635986328125,232.33096313476562,0.9997796416282654,309.4844665527344,286.588623046875,0.9998204112052917,308.2291259765625,333.4939880371094,0.999263346195221
382,299.2659606933594,232.7493896484375,0.9997300505638123,309.10009765625,286.7864990234375,0.9999005794525146,307.6888427734375,334.02655029296875,0.9993213415145874
383,299.2549743652344,232.7493896484375,0.9996263980865479,309.0621032714844,287.100830078125,0.9998542070388794,307.604736328125,334.55902099609375,0.9993137121200562
384,298.73199462890625,232.7493896484375,0.999670147895813,308.72198486328125,287.100830078125,0.9998970031738281,306.73828125,334.55902099609375,0.9994903802871704
385,298.6935119628906,232.6600341796875,0.9997015595436096,308.6498107910156,286.9783630371094,0.9998966455459595,306.0697937011719,334.2798767089844,0.9994612336158752
386,298.616455078125,232.6600341796875,0.9997292160987854,308.5064697265625,287.100830078125,0.999871015548706,305.85394287109375,334.31640625,0.9994695782661438
387,298.616455078125,232.6600341796875,0.9996925592422485,308.3081359863281,287.100830078125,0.9998602867126465,305.5327453613281,334.31640625,0.9994910955429077
388,298.0292053222656,232.80516052246094,0.9996680021286011,308.2736511230469,287.47235107421875,0.999901294708252,305.34381103515625,334.31640625,0.9994893074035645
389,297.822509765625,233.34878540039062,0.9995836615562439,308.154296875,287.53643798828125,0.9999192953109741,305.2901611328125,334.78155517578125,0.999414324760437
390,297.65594482421875,233.65342712402344,0.9998025298118591,308.06317138671875,288.3163146972656,0.9999327659606934,305.2901611328125,335.3304748535156,0.9994015693664551
391,297.6139831542969,233.8260955810547,0.9996399879455566,308.06396484375,288.9705810546875,0.9998639822006226,305.2901611328125,335.4722900390625,0.9994039535522461
392,297.6139831542969,234.01055908203125,0.9996287822723389,308.06396484375,289.4840393066406,0.9999350309371948,305.7486877441406,335.5191345214844,0.9993929862976074
393,297.65594482421875,234.01055908203125,0.999642014503479,308.154296875,289.4840393066406,0.9999481439590454,306.07684326171875,335.5191345214844,0.999437153339386
394,298.81243896484375,234.03759765625,0.9996116757392883,308.3385925292969,289.7372131347656,0.9999527931213379,306.07684326171875,335.5191345214844,0.9994739890098572
395,298.9104309082031,234.08103942871094,0.9996127486228943,308.733642578125,289.7979431152344,0.9999394416809082,306.07684326171875,335.6026611328125,0.9994626641273499
396,300.7894592285156,234.08103942871094,0.9995006322860718,308.83447265625,289.7372131347656,0.9999548196792603,305.69024658203125,335.6026611328125,0.9994636178016663
397,300.84710693359375,234.0293426513672,0.9995113611221313,308.8641052246094,289.20037841796875,0.9999558925628662,305.69024658203125,335.5747985839844,0.9995098114013672
398,301.1262512207031,234.0293426513672,0.9995778203010559,309.1129455566406,289.20037841796875,0.999946117401123,305.69024658203125,335.5747985839844,0.9994720816612244
399,301.1262512207031,233.94091796875,0.9996179342269897,309.2947692871094,288.9588623046875,0.9999246597290039,305.7666015625,335.2067565917969,0.9994217157363892
400,301.2271423339844,233.87762451171875,0.9996210336685181,309.3959655761719,288.5805969238281,0.9999247789382935,306.0791320800781,335.18988037109375,0.9994403719902039
401,301.2349548339844,233.8654327392578,0.9996356964111328,309.4824523925781,288.3365173339844,0.9999228715896606,306.8641052246094,335.18988037109375,0.9994125366210938
402,301.3260498046875,233.8223114013672,0.999607264995575,309.5408630371094,288.1558837890625,0.99991774559021,306.8641052246094,335.18988037109375,0.9994534850120544
403,301.63580322265625,233.33786010742188,0.9996438026428223,309.7914733886719,288.1558837890625,0.9999009370803833,307.4261169433594,335.18988037109375,0.9994520545005798
404,301.63580322265625,233.33786010742188,0.9996275901794434,309.86163330078125,288.1558837890625,0.9999035596847534,307.46710205078125,335.2306213378906,0.9994173049926758
405,301.63580322265625,233.33786010742188,0.9996378421783447,309.86163330078125,288.0814514160156,0.9999128580093384,307.48382568359375,335.2489929199219,0.9994925260543823
406,301.43450927734375,233.33786010742188,0.9996159076690674,309.92437744140625,288.2890319824219,0.9999076128005981,307.4261169433594,335.2489929199219,0.9994596838951111
407,301.39178466796875,233.1124267578125,0.9996237754821777,309.990234375,288.35345458984375,0.9999051094055176,307.48382568359375,335.2489929199219,0.999468982219696
408,300.0082092285156,233.07684326171875,0.9996899366378784,310.3364562988281,288.35345458984375,0.9999035596847534,307.5924377441406,335.20794677734375,0.9994181394577026
409,299.9325256347656,233.05702209472656,0.999710738658905,310.4190673828125,288.2641906738281,0.9998772144317627,307.6165771484375,335.20794677734375,0.9994695782661438
410,299.9325256347656,233.0406494140625,0.9996901750564575,310.4190673828125,288.3487548828125,0.9998738765716553,307.79315185546875,335.198974609375,0.9994819760322571
411,299.94964599609375,233.0406494140625,0.9997078776359558,310.3364562988281,288.2641906738281,0.9998719692230225,307.97161865234375,335.198974609375,0.9994754195213318
412,300.0082092285156,233.05702209472656,0.9996919631958008,310.3060607910156,288.2641906738281,0.999891996383667,307.79315185546875,335.0655212402344,0.9994783997535706
413,300.05682373046875,233.477783203125,0.9996558427810669,310.2908020019531,288.20257568359375,0.9998620748519897,307.97161865234375,335.198974609375,0.9994329810142517
414,300.05682373046875,233.477783203125,0.9996497631072998,310.1990661621094,288.20257568359375,0.999897837638855,307.97161865234375,335.198974609375,0.9994729161262512
415,299.9825439453125,233.477783203125,0.9996546506881714,310.0625305175781,288.07666015625,0.9998936653137207,307.7485046386719,335.0655212402344,0.9995467066764832
416,299.9825439453125,233.2967529296875,0.9996765851974487,309.614013671875,288.20257568359375,0.9998843669891357,306.797119140625,335.25604248046875,0.9995169639587402
417,299.5547180175781,233.2967529296875,0.9996944665908813,309.3603820800781,288.07666015625,0.9999101161956787,306.4384460449219,335.4181823730469,0.999497652053833
418,299.189697265625,233.21786499023438,0.9996757507324219,309.35693359375,288.07666015625,0.9999366998672485,306.4384460449219,335.5161437988281,0.9995342493057251
419,299.1894226074219,233.2967529296875,0.9996703863143921,309.2070007324219,288.3259582519531,0.9999064207077026,306.4384460449219,335.5161437988281,0.9995548129081726
420,298.9206237792969,233.3297882080078,0.9997033476829529,308.5671691894531,288.6092529296875,0.999934196472168,306.4384460449219,335.53668212890625,0.9995493292808533
421,297.5197448730469,234.1116943359375,0.9996850490570068,308.5379638671875,288.6092529296875,0.9999264478683472,306.4384460449219,335.53668212890625,0.9995025396347046
422,297.0751037597656,234.28517150878906,0.9997523427009583,307.7816467285156,288.99798583984375,0.9999411106109619,304.66375732421875,336.16680908203125,0.999552309513092
423,296.61627197265625,234.44650268554688,0.9997827410697937,307.135986328125,289.9798889160156,0.9999504089355469,303.147705078125,336.2677307128906,0.9993757605552673
424,295.6590576171875,235.78250122070312,0.9996960163116455,306.1608581542969,291.1163635253906,0.9999593496322632,301.7203369140625,336.651611328125,0.9994569420814514
425,295.6590576171875,237.02337646484375,0.9993581175804138,305.22698974609375,292.48773193359375,0.9999544620513916,300.39056396484375,336.93719482421875,0.9994291663169861
426,295.62799072265625,237.90115356445312,0.9994003772735596,304.1336975097656,294.3801574707031,0.9999346733093262,299.5310974121094,337.72265625,0.9994805455207825
427,295.49920654296875,241.08534240722656,0.999700665473938,303.3712463378906,295.67803955078125,0.9998960494995117,298.5013732910156,340.7220458984375,0.9995680451393127
428,294.3546142578125,244.0452423095703,0.9999127388000488,303.0511779785156,297.49383544921875,0.999643087387085,295.9962463378906,342.44390869140625,0.9995693564414978
429,293.2853088378906,246.7493133544922,0.999956488609314,302.29949951171875,299.8228759765625,0.9997711777687073,294.9326477050781,345.143798828125,0.9989646673202515
430,292.54931640625,248.62890625,0.9999463558197021,300.8810729980469,301.8375549316406,0.999534010887146,294.87396240234375,346.6984558105469,0.9990940093994141
431,291.0705261230469,251.3677215576172,0.999850869178772,299.1961364746094,305.2526550292969,0.9998729228973389,292.52734375,350.4927978515625,0.9994531273841858
432,289.9662780761719,255.63571166992188,0.9997314810752869,296.03558349609375,308.2794189453125,0.9999208450317383,292.52734375,351.98565673828125,0.9995606541633606
433,289.69879150390625,257.9591064453125,0.9998542070388794,294.7573547363281,309.76800537109375,0.9999314546585083,292.52734375,353.7621765136719,0.999728262424469
434,287.966552734375,260.7814636230469,0.9998980760574341,294.6150207519531,312.66265869140625,0.9997969269752502,292.92333984375,356.96771240234375,0.9996527433395386
435,283.5888977050781,262.585693359375,0.9998016953468323,294.4493103027344,314.5561828613281,0.9996205568313599,292.92333984375,359.76080322265625,0.9994433522224426
436,280.54833984375,264.4601745605469,0.9998906850814819,292.26593017578125,318.0916442871094,0.9998308420181274,292.92333984375,361.8124694824219,0.9988862872123718
437,279.3634948730469,267.1680908203125,0.9997987151145935,291.4974060058594,321.16741943359375,0.9999499320983887,291.7882995605469,364.37005615234375,0.9994224309921265
438,279.3634948730469,269.1974182128906,0.9993698000907898,290.9335632324219,325.45172119140625,0.9999586343765259,291.3031311035156,367.748779296875,0.9995602965354919
439,279.2559814453125,273.83380126953125,0.999835729598999,290.58441162109375,327.3307189941406,0.999908447265625,291.28955078125,369.6194763183594,0.9996708631515503
440,279.1431579589844,276.4936828613281,0.9998751878738403,290.2008972167969,330.4802551269531,0.999871015548706,290.01226806640625,373.85565185546875,0.9998134970664978
441,278.9469299316406,277.871826171875,0.9999396800994873,289.3865966796875,332.7794189453125,0.9998555183410645,287.0675354003906,377.3372497558594,0.9994275569915771
442,276.75787353515625,280.32476806640625,0.9999423027038574,289.1794128417969,336.221923828125,0.9999135732650757,285.4994201660156,380.7599792480469,0.9990054965019226
443,276.71075439453125,281.5329284667969,0.9999228715896606,289.1278381347656,337.3995361328125,0.999927282333374,284.96221923828125,383.788818359375,0.9994077682495117
444,274.6077575683594,282.579345703125,0.9998457431793213,288.4240417480469,338.23455810546875,0.9999258518218994,283.87451171875,383.9548645019531,0.9994335770606995
445,274.6077575683594,283.8188171386719,0.9997758269309998,287.2128601074219,339.52679443359375,0.9998842477798462,283.6206970214844,384.84271240234375,0.9994838237762451
446,274.6077575683594,284.41241455078125,0.9997009038925171,286.89996337890625,339.6769714355469,0.9998844861984253,283.6112365722656,385.752685546875,0.9996015429496765
447,274.5564270019531,284.7819519042969,0.9995810389518738,285.626953125,340.7090148925781,0.9998966455459595,283.5230407714844,386.5939636230469,0.9995666146278381
448,274.5564270019531,285.1229553222656,0.9995566010475159,285.3703918457031,341.2149963378906,0.9998742341995239,282.7871398925781,387.6394348144531,0.9995909333229065
449,274.5564270019531,285.6851806640625,0.9995619654655457,284.38397216796875,342.6148986816406,0.9998646974563599,279.2552490234375,387.73846435546875,0.9996324777603149
450,273.50701904296875,285.7725524902344,0.9994087219238281,283.8997497558594,342.7450256347656,0.9998596906661987,279.051513671875,388.1830749511719,0.9996441602706909
451,273.50701904296875,285.7725524902344,0.999466598033905,283.58380126953125,342.7450256347656,0.9998407363891602,279.051513671875,388.1830749511719,0.999735414981842
452,273.4512634277344,285.6851806640625,0.999460756778717,283.42218017578125,342.6148986816406,0.9998514652252197,279.051513671875,387.73846435546875,0.9997058510780334
453,273.1522521972656,285.6335754394531,0.9994837045669556,283.42218017578125,342.3605651855469,0.9998602867126465,279.6749572753906,387.1872863769531,0.9995267391204834
454,273.13427734375,284.5494689941406,0.9994667172431946,283.3942565917969,342.25445556640625,0.9998583793640137,279.6749572753906,387.0559387207031,0.9995119571685791
455,272.917724609375,284.5418395996094,0.9994530081748962,283.3942565917969,342.0404357910156,0.9998629093170166,279.8958740234375,386.5930480957031,0.9994087219238281
456,272.9007873535156,283.8360290527344,0.9993966817855835,283.4300537109375,340.8629455566406,0.9998459815979004,279.9463195800781,385.89251708984375,0.9995889067649841
457,272.9007873535156,283.2921447753906,0.9997273087501526,283.9913330078125,339.7978515625,0.9998817443847656,279.8958740234375,384.46209716796875,0.9991695880889893
458,272.9007873535156,282.75286865234375,0.9997596144676208,284.06195068359375,338.8140563964844,0.9998763799667358,280.05267333984375,382.77386474609375,0.998927891254425
459,273.7666320800781,280.8105163574219,0.9999034404754639,284.6734313964844,336.1386413574219,0.9997287392616272,280.0860595703125,380.7593994140625,0.999129593372345
460,274.9644470214844,279.8499755859375,0.9999358654022217,285.1463928222656,335.671142578125,0.9996366500854492,280.0860595703125,380.6677551269531,0.9989438652992249
461,276.86346435546875,277.6351623535156,0.9999539852142334,286.5142517089844,333.756591796875,0.9997033476829529,282.33831787109375,379.61224365234375,0.9980325102806091
462,277.1869812011719,276.41864013671875,0.9999297857284546,288.14239501953125,330.7605895996094,0.9997454285621643,284.5287780761719,376.2107849121094,0.999488353729248
463,279.63555908203125,273.7613220214844,0.9997820258140564,289.9488220214844,328.7445983886719,0.9998444318771362,287.9569396972656,372.93359375,0.9997382760047913
464,280.72930908203125,270.265869140625,0.9992325305938721,291.0601501464844,327.4007568359375,0.9999043941497803,291.3288879394531,369.6416015625,0.999690055847168
465,282.3907775878906,268.90777587890625,0.998514711856842,291.8836669921875,326.3321533203125,0.9999402761459351,291.6473083496094,369.2355041503906,0.999631404876709
466,285.59735107421875,267.6438903808594,0.999237060546875,293.7485046386719,324.4765319824219,0.99992835521698,291.6912536621094,367.5999755859375,0.99930739402771
467,286.81793212890625,267.4439697265625,0.9994138479232788,295.0962219238281,322.15557861328125,0.9998372793197632,293.6350402832031,366.78814697265625,0.999390721321106
468,287.7903747558594,266.9537658691406,0.9995794892311096,300.1022644042969,321.6744079589844,0.9998314380645752,296.73028564453125,365.75482177734375,0.9984649419784546
469,290.39324951171875,265.1771545410156,0.9998903274536133,301.4847717285156,319.74847412109375,0.9996055960655212,298.0009765625,363.43597412109375,0.997595489025116
470,295.0021057128906,261.65240478515625,0.9998987913131714,303.1060485839844,316.3746643066406,0.9996832609176636,300.0916442871094,362.97198486328125,0.9985526204109192
471,295.0431823730469,260.47265625,0.9999151229858398,304.1463623046875,314.2428894042969,0.9997928738594055,302.122802734375,361.6065673828125,0.9992311000823975
472,298.643310546875,256.6744384765625,0.9994182586669922,305.8179626464844,312.7523193359375,0.9998921155929565,304.5400390625,358.9690856933594,0.9997860789299011
473,301.1950988769531,254.89324951171875,0.9991043210029602,306.56414794921875,311.7785339355469,0.9999430179595947,304.8128356933594,356.8175048828125,0.9998036026954651
474,301.4621276855469,251.7982635498047,0.9987995624542236,306.97314453125,309.09991455078125,0.9999573230743408,305.8412170410156,353.50787353515625,0.9995191097259521
475,302.40142822265625,249.23202514648438,0.9996697902679443,308.8500061035156,305.273193359375,0.9999347925186157,306.63922119140625,351.970458984375,0.9995194673538208
476,304.5815734863281,247.9426727294922,0.9999334812164307,309.34539794921875,302.9544982910156,0.9997314810752869,307.6322326660156,350.261474609375,0.9993653893470764
477,306.773681640625,246.99884033203125,0.9999279975891113,310.7857666015625,299.5466003417969,0.999747097492218,309.16278076171875,344.1954650878906,0.9994865655899048
478,306.93524169921875,244.02017211914062,0.9998949766159058,312.6263732910156,297.0572509765625,0.9994490742683411,309.8135986328125,340.6613464355469,0.9994575381278992
479,306.93524169921875,241.51968383789062,0.9998732805252075,314.3375549316406,296.4885559082031,0.9998589754104614,309.8388366699219,339.7773742675781,0.9997865557670593
480,306.93524169921875,236.79159545898438,0.999451220035553,316.3642578125,293.3155517578125,0.9999104738235474,309.8388366699219,336.547119140625,0.9992080330848694
481,307.35821533203125,234.40159606933594,0.9998643398284912,316.9624938964844,290.2508544921875,0.9998897314071655,309.8388366699219,334.5511169433594,0.9990139007568359
482,307.35821533203125,232.6856689453125,0.9999357461929321,317.22918701171875,287.474853515625,0.9997628331184387,311.35150146484375,332.8202209472656,0.9992408752441406
483,308.0442810058594,231.74871826171875,0.9999488592147827,317.3396301269531,286.7657165527344,0.999642014503479,311.35150146484375,331.51220703125,0.9989251494407654
484,308.0442810058594,231.7095489501953,0.9999542236328125,317.6301574707031,286.5072326660156,0.9997010827064514,311.35150146484375,331.51220703125,0.9989193677902222
485,308.0442810058594,231.7095489501953,0.9999562501907349,317.6301574707031,286.5072326660156,0.9995287656784058,311.35150146484375,331.51220703125,0.9989091157913208
486,306.8255615234375,231.7095489501953,0.9999444484710693,317.3396301269531,286.5072326660156,0.9995414018630981,310.38140869140625,331.9542236328125,0.999198853969574
487,306.30194091796875,232.3364715576172,0.9999363422393799,316.4667663574219,287.0101318359375,0.9996763467788696,309.6878967285156,332.72705078125,0.9991992115974426
488,306.0464172363281,233.36196899414062,0.9999135732650757,315.7142639160156,289.4146423339844,0.9998675584793091,309.5692443847656,332.9869079589844,0.9991994500160217
489,305.4405212402344,233.65786743164062,0.9998782873153687,314.3388366699219,289.46600341796875,0.9998544454574585,309.5330810546875,334.4485168457031,0.9994383454322815
490,304.34722900390625,233.65786743164062,0.9997474551200867,314.07330322265625,290.0027770996094,0.9998793601989746,309.5692443847656,334.5809020996094,0.9993224143981934
491,303.75421142578125,233.65786743164062,0.9995706677436829,313.88482666015625,290.0027770996094,0.9998867511749268,308.6150207519531,334.5809020996094,0.9995061159133911
492,303.6247253417969,233.65786743164062,0.9996392726898193,311.704345703125,289.46600341796875,0.9998812675476074,308.6150207519531,334.5809020996094,0.9991757273674011
493,303.2341003417969,233.4838104248047,0.9996695518493652,311.526123046875,288.8869323730469,0.9998987913131714,309.2107238769531,334.89056396484375,0.9992485642433167
494,302.98638916015625,233.44276428222656,0.9996353387832642,311.526123046875,288.8869323730469,0.9999066591262817,309.2107238769531,334.89056396484375,0.9993508458137512
495,302.8726806640625,233.21620178222656,0.9996837377548218,311.44622802734375,288.8869323730469,0.9998788833618164,309.2107238769531,334.8995056152344,0.999286949634552
496,302.8726806640625,233.21620178222656,0.9996852874755859,311.15972900390625,289.2108154296875,0.9998990297317505,309.2107238769531,335.2729187011719,0.9994829893112183
497,302.98638916015625,233.21620178222656,0.9996798038482666,311.44622802734375,289.27691650390625,0.9998879432678223,309.4726257324219,335.4315490722656,0.9994507431983948
498,303.1369934082031,233.95660400390625,0.9995843768119812,311.27154541015625,289.5684814453125,0.9999008178710938,309.556396484375,335.4315490722656,0.9995417594909668
499,303.3508605957031,234.2404022216797,0.9995355606079102,311.44622802734375,289.6773376464844,0.9998997449874878,309.9419860839844,335.4315490722656,0.9994282126426697
500,304.2562255859375,234.76173400878906,0.9995343685150146,311.6044616699219,289.801025390625,0.9999196529388428,310.010986328125,335.3562316894531,0.9994145631790161
501,304.2562255859375,234.96766662597656,0.9995043277740479,311.8979797363281,289.801025390625,0.9999029636383057,310.3872375488281,335.1042785644531,0.999278724193573
502,304.2562255859375,234.99264526367188,0.9995362758636475,312.01531982421875,289.82623291015625,0.9998914003372192,310.3872375488281,335.1042785644531,0.9993688464164734
503,304.2562255859375,234.99264526367188,0.99952232837677,313.60125732421875,291.0253601074219,0.9998894929885864,310.3872375488281,335.0464782714844,0.9993435740470886
504,304.3435974121094,234.99264526367188,0.9995885491371155,312.01531982421875,290.0919494628906,0.9999207258224487,309.96307373046875,335.0464782714844,0.9994788765907288
505,305.3585510253906,234.99447631835938,0.999581515789032,311.9756774902344,289.8814697265625,0.9999101161956787,309.2729187011719,335.28973388671875,0.9993701577186584
506,305.3585510253906,235.14649963378906,0.9996163845062256,311.9756774902344,289.8814697265625,0.999929666519165,309.259765625,335.5635681152344,0.999516487121582
507,305.3585510253906,235.09669494628906,0.9996160268783569,311.9418029785156,290.0559997558594,0.9999212026596069,309.2222595214844,335.58404541015625,0.9995325803756714
508,305.15216064453125,235.09669494628906,0.9995881915092468,311.8760986328125,289.93829345703125,0.9999198913574219,309.0291442871094,335.6480712890625,0.9994913339614868
509,304.2886962890625,234.99447631835938,0.9995287656784058,311.8760986328125,289.93829345703125,0.9999352693557739,309.2222595214844,335.6480712890625,0.9995551705360413
510,303.72589111328125,234.2266845703125,0.999575674533844,311.8760986328125,290.0559997558594,0.9999247789382935,309.259765625,335.566162109375,0.9995881915092468
511,303.6063232421875,234.2266845703125,0.9995728135108948,313.75634765625,290.67108154296875,0.999907374382019,309.4049072265625,335.75830078125,0.9994617104530334
512,303.6063232421875,234.04220581054688,0.9996336698532104,313.9994201660156,290.67108154296875,0.9999021291732788,309.50177001953125,335.566162109375,0.9994246959686279
513,303.6063232421875,234.2266845703125,0.9995259046554565,314.12890625,290.67108154296875,0.9998960494995117,309.6354064941406,335.42864990234375,0.9995259046554565
514,303.6063232421875,234.35821533203125,0.9996281862258911,314.4090576171875,290.36285400390625,0.9998970031738281,309.78271484375,335.42864990234375,0.9994072914123535
515,303.6088562011719,234.69180297851562,0.9996374845504761,314.8421325683594,290.19891357421875,0.9998776912689209,309.9908447265625,335.25164794921875,0.9993176460266113
516,303.8771057128906,235.04953002929688,0.9995844960212708,314.8421325683594,289.8381652832031,0.9998946189880371,310.32952880859375,335.19097900390625,0.9995136260986328
517,303.9858093261719,235.04953002929688,0.9995330572128296,314.8421325683594,289.8381652832031,0.999883770942688,310.32952880859375,335.19097900390625,0.9993307590484619
518,305.0315856933594,235.1961212158203,0.9996520280838013,314.78887939453125,289.8381652832031,0.9998924732208252,310.32952880859375,335.73468017578125,0.9992775321006775
519,305.0315856933594,234.96290588378906,0.9995494484901428,313.98358154296875,289.7927551269531,0.9998809099197388,309.23931884765625,335.485107421875,0.9995645880699158
520,304.7694091796875,235.1961212158203,0.9995633959770203,311.8757019042969,289.0615539550781,0.9999086856842041,308.6169128417969,335.7381591796875,0.9996373653411865
521,304.7694091796875,234.96290588378906,0.9995477795600891,311.7201843261719,288.7374572753906,0.9999028444290161,308.5881652832031,335.7381591796875,0.9994959831237793
522,304.1438903808594,234.96290588378906,0.9995248317718506,311.2556457519531,288.6594543457031,0.9999054670333862,308.4599304199219,335.59783935546875,0.9995515942573547
523,302.1771545410156,234.21829223632812,0.9996156692504883,310.9435119628906,288.45159912109375,0.9998860359191895,308.3500671386719,335.485107421875,0.9995312690734863
524,301.5826721191406,234.16339111328125,0.9996153116226196,310.79827880859375,288.2211608886719,0.9999003410339355,308.3117370605469,335.1675720214844,0.9993857145309448
525,300.8105773925781,234.16339111328125,0.9996567964553833,310.47418212890625,287.9547119140625,0.9998971223831177,307.4835510253906,334.5372619628906,0.9994706511497498
526,300.70654296875,234.16339111328125,0.9996669292449951,309.9132385253906,287.9547119140625,0.9998884201049805,307.4835510253906,334.5372619628906,0.9994091987609863
527,300.52935791015625,234.32000732421875,0.9996069073677063,309.87225341796875,287.9547119140625,0.9998688697814941,307.0489501953125,335.110595703125,0.9993738532066345
528,300.35943603515625,234.72886657714844,0.9995637536048889,308.8819580078125,288.8246154785156,0.9999445676803589,306.80120849609375,335.110595703125,0.9993786811828613
529,300.476806640625,235.10543823242188,0.9994662404060364,308.7062683105469,289.4107666015625,0.9999456405639648,306.6609802246094,335.3499755859375,0.9994432330131531
530,300.2472229003906,235.99119567871094,0.9991003274917603,307.4873962402344,290.7388916015625,0.9999629259109497,305.74066162109375,336.29315185546875,0.999599277973175
531,300.173828125,236.1099395751953,0.9986467957496643,306.8013000488281,292.13250732421875,0.9999656677246094,304.7870788574219,337.1037902832031,0.9996174573898315
532,299.7426452636719,239.10226440429688,0.9990366697311401,306.52789306640625,293.4488525390625,0.9999634027481079,303.89984130859375,338.22467041015625,0.9996645450592041
533,298.90985107421875,240.3919219970703,0.9994663596153259,305.7406311035156,294.3837890625,0.9999593496322632,302.10552978515625,338.83416748046875,0.9995723366737366
534,298.7718811035156,242.72549438476562,0.9996697902679443,305.34356689453125,295.90789794921875,0.9999290704727173,300.6328430175781,342.2382507324219,0.9996324777603149
535,297.316162109375,245.88844299316406,0.9997259974479675,304.7204895019531,297.8631591796875,0.9998082518577576,300.52264404296875,342.9258728027344,0.9995555281639099
536,296.89093017578125,246.81704711914062,0.9997673630714417,304.4796142578125,298.35968017578125,0.9997990727424622,299.9544677734375,344.4085693359375,0.9993674159049988
537,296.4696350097656,247.87570190429688,0.9998542070388794,303.9419860839844,301.68743896484375,0.9998495578765869,299.2317810058594,347.871337890625,0.9987983703613281
538,296.02392578125,250.78919982910156,0.9998714923858643,302.5450134277344,305.4988708496094,0.9998761415481567,297.0498962402344,350.45892333984375,0.9988779425621033
539,294.5279235839844,253.40478515625,0.9993786811828613,300.00616455078125,309.3010559082031,0.9999067783355713,294.96282958984375,353.8492431640625,0.9997336268424988
540,293.6001281738281,258.9908142089844,0.9998695850372314,299.09228515625,311.8794250488281,0.9998531341552734,294.96282958984375,357.385009765625,0.9997108578681946
541,289.4898376464844,261.4186706542969,0.9999325275421143,296.114990234375,313.4857482910156,0.9994462132453918,294.2682800292969,360.98028564453125,0.9996086955070496
542,288.4358215332031,263.6448669433594,0.9999202489852905,295.87335205078125,316.2817077636719,0.9995908141136169,294.028564453125,362.2648010253906,0.9988787770271301
543,285.4298400878906,264.9840393066406,0.9997709393501282,293.5390319824219,317.8366394042969,0.9997631907463074,292.5569152832031,363.4466552734375,0.9990990161895752
544,284.45538330078125,267.8231506347656,0.9993792772293091,292.4166259765625,322.1789855957031,0.999943733215332,292.0862731933594,367.73541259765625,0.9992542862892151
545,282.5568542480469,267.9056091308594,0.9986898303031921,291.1446533203125,324.75238037109375,0.9999445676803589,291.69012451171875,367.93963623046875,0.9995624423027039
546,280.958740234375,272.8811340332031,0.9993926286697388,290.87042236328125,327.1502380371094,0.9999020099639893,290.6824951171875,370.5169982910156,0.9997366070747375
547,279.3860168457031,276.86761474609375,0.9999229907989502,290.8648986816406,329.1412048339844,0.9998216032981873,290.6257629394531,373.90093994140625,0.9998112320899963
548,278.31060791015625,278.6182861328125,0.9999356269836426,289.07537841796875,333.3019104003906,0.9998409748077393,286.5223693847656,378.575927734375,0.9986552000045776
549,277.2076416015625,281.2377624511719,0.9999330043792725,285.9424133300781,336.36260986328125,0.9997844099998474,281.0248107910156,383.3365783691406,0.9990798234939575
550,274.48858642578125,283.0953369140625,0.9998650550842285,284.61993408203125,338.1543273925781,0.9998611211776733,279.9371337890625,385.2177734375,0.9994757771492004
551,273.3583984375,284.3444519042969,0.9997265934944153,283.8401184082031,339.52606201171875,0.9998899698257446,279.4757995605469,386.1764831542969,0.999559223651886
552,273.0084533691406,285.0309753417969,0.9993131160736084,281.6489562988281,340.8736572265625,0.9998570680618286,277.9129333496094,387.68408203125,0.9997362494468689
553,272.3646545410156,285.2667236328125,0.9994739890098572,278.94659423828125,341.79150390625,0.9999070167541504,276.2126770019531,387.7815856933594,0.9998125433921814
554,270.6407470703125,285.5652770996094,0.999232292175293,277.2762451171875,342.12567138671875,0.9999309778213501,275.2629699707031,388.1947021484375,0.99981290102005
555,269.4688415527344,285.60589599609375,0.9990109205245972,277.1922302246094,341.79150390625,0.9999221563339233,274.9644470214844,388.6748962402344,0.999822199344635
556,269.4688415527344,285.60589599609375,0.9989890456199646,276.6490173339844,341.79150390625,0.9999353885650635,274.9644470214844,388.7099304199219,0.9998283386230469
557,269.3341064453125,285.60589599609375,0.9986760020256042,276.6490173339844,341.77239990234375,0.9999440908432007,274.9644470214844,388.7099304199219,0.9998252987861633
558,269.3341064453125,285.4340515136719,0.9990178346633911,276.6490173339844,341.4288024902344,0.9999394416809082,275.1092529296875,388.7099304199219,0.9998300075531006
559,269.71551513671875,285.2044372558594,0.9988873600959778,276.71728515625,341.41455078125,0.9999419450759888,275.1092529296875,387.7077331542969,0.9998206496238708
560,270.6291809082031,285.05084228515625,0.9993619322776794,276.7295227050781,341.0222473144531,0.9999452829360962,275.3446044921875,387.3994445800781,0.9997947812080383
561,271.22027587890625,284.095947265625,0.9992565512657166,277.41265869140625,340.9909362792969,0.9999508857727051,275.929931640625,387.1778869628906,0.9998024106025696
562,271.51678466796875,283.9039001464844,0.9994256496429443,278.96533203125,340.13629150390625,0.9998937845230103,277.1622619628906,385.1302795410156,0.9996328353881836
563,271.9081115722656,283.7555236816406,0.9995586276054382,279.85888671875,339.02996826171875,0.9998749494552612,278.41082763671875,384.91473388671875,0.9995922446250916
564,272.10626220703125,282.7646179199219,0.99974125623703,283.13958740234375,338.82196044921875,0.9998530149459839,278.9676513671875,384.2547912597656,0.999510645866394
565,273.41217041015625,282.4266662597656,0.9998428821563721,284.1383972167969,337.833740234375,0.9998459815979004,278.9676513671875,383.55194091796875,0.9991305470466614
566,274.79351806640625,280.7998962402344,0.999936580657959,284.76092529296875,337.10455322265625,0.999806821346283,279.8668212890625,381.70751953125,0.9988037347793579
567,276.3426818847656,279.70306396484375,0.9999430179595947,286.110107421875,335.7161560058594,0.999670147895813,280.29931640625,380.42254638671875,0.999262273311615
568,278.21636962890625,278.10321044921875,0.9999390840530396,287.76251220703125,334.9361572265625,0.999737560749054,282.1552429199219,379.75244140625,0.9981687068939209
569,280.1896057128906,276.7882385253906,0.9998773336410522,289.3981628417969,331.4064636230469,0.9997738003730774,287.4837646484375,376.0431213378906,0.9996500015258789
570,280.7444763183594,275.4323425292969,0.9998314380645752,290.5215148925781,329.4284362792969,0.9998212456703186,290.311767578125,374.6787109375,0.999813973903656
571,282.0198059082031,272.81109619140625,0.9994053840637207,292.6306457519531,328.9446716308594,0.999767005443573,292.2970886230469,372.2912902832031,0.9998015761375427
572,284.8204345703125,270.99371337890625,0.9987290501594543,293.33892822265625,327.7112121582031,0.9998459815979004,294.40045166015625,370.3287048339844,0.9996469020843506
573,285.7719421386719,269.12176513671875,0.9990103244781494,295.1786804199219,325.6691589355469,0.9998553991317749,295.70831298828125,367.89593505859375,0.9990654587745667
574,288.779541015625,268.080810546875,0.9997408986091614,299.96063232421875,325.3456115722656,0.9998476505279541,299.6275939941406,367.664306640625,0.9989964365959167
575,290.5102233886719,266.660888671875,0.9998729228973389,301.0173645019531,323.7207336425781,0.9998657703399658,300.6813659667969,366.3487854003906,0.9984210729598999
576,291.165771484375,265.4992370605469,0.999901533126831,304.0863952636719,319.79071044921875,0.9996675252914429,301.393310546875,364.2577819824219,0.998507559299469
577,294.83758544921875,263.8781433105469,0.9998866319656372,304.4338684082031,316.9890441894531,0.9997851252555847,303.1036376953125,362.4613037109375,0.9989166259765625
578,299.03216552734375,260.93255615234375,0.9997836947441101,305.8417053222656,314.6181640625,0.9998413324356079,303.1132507324219,361.8735046386719,0.999090313911438
579,302.07342529296875,260.8380126953125,0.9997848868370056,308.11346435546875,313.564453125,0.9998266100883484,304.9618835449219,360.38958740234375,0.9997045397758484
580,304.44891357421875,257.86138916015625,0.999813973903656,308.21923828125,313.34661865234375,0.9998618364334106,306.2736511230469,357.57110595703125,0.9998428821563721
581,306.5877380371094,253.47059631347656,0.9996284246444702,310.1903991699219,310.4595031738281,0.9999133348464966,310.4417419433594,354.171142578125,0.9996242523193359
582,306.91119384765625,252.3897247314453,0.9998030066490173,313.763671875,308.6671142578125,0.9998860359191895,310.5367431640625,352.8249206542969,0.9995809197425842
583,308.5066223144531,248.95761108398438,0.9999281167984009,315.7421569824219,304.64019775390625,0.9997997879981995,311.0355224609375,350.42303466796875,0.998944103717804
584,312.47393798828125,247.16090393066406,0.9998226761817932,318.24664306640625,301.02838134765625,0.9996992349624634,312.6627502441406,347.5849914550781,0.9985639452934265
585,313.2062072753906,244.20864868164062,0.9997287392616272,319.60504150390625,297.3698425292969,0.9997040629386902,316.1811218261719,341.7188415527344,0.9993932247161865
586,313.4202575683594,241.6261749267578,0.9995217323303223,320.0750427246094,297.14398193359375,0.9998021721839905,316.8011169433594,339.3575744628906,0.9995827078819275
587,314.4895935058594,238.78233337402344,0.9989487528800964,321.1514892578125,293.4351501464844,0.9999505281448364,317.1625671386719,337.56170654296875,0.9995267391204834
588,315.74237060546875,235.44879150390625,0.9980837106704712,323.091552734375,289.23895263671875,0.9999592304229736,320.11541748046875,336.49932861328125,0.9994719624519348
589,315.74237060546875,233.82113647460938,0.9995743632316589,323.956298828125,287.0544738769531,0.9999192953109741,320.26702880859375,333.7967529296875,0.999273955821991
590,315.74237060546875,231.19915771484375,0.999797523021698,324.08868408203125,285.27227783203125,0.9998953342437744,320.3979187011719,332.193359375,0.9992218017578125
591,315.6864013671875,229.4591064453125,0.9997794032096863,324.08868408203125,283.47491455078125,0.9998747110366821,320.6697692871094,330.5310363769531,0.9993600249290466
592,315.6099548339844,228.81002807617188,0.999790370464325,323.9600524902344,282.7117004394531,0.9998788833618164,320.9560546875,329.7922058105469,0.999495267868042
593,315.2233581542969,228.76612854003906,0.9997826218605042,323.9600524902344,282.6491394042969,0.9998990297317505,320.9560546875,329.7922058105469,0.9995711445808411
594,315.09332275390625,228.76612854003906,0.9997888207435608,323.7302551269531,282.6491394042969,0.9998984336853027,320.9560546875,329.7922058105469,0.9995730519294739
595,314.2575378417969,228.81002807617188,0.9997761845588684,323.3800354003906,282.7117004394531,0.9999173879623413,319.5783386230469,329.7536315917969,0.9992985725402832
596,313.72808837890625,229.31143188476562,0.999754011631012,323.032958984375,283.1339111328125,0.9999266862869263,319.47918701171875,329.8037414550781,0.9992383718490601
597,312.03271484375,229.5739288330078,0.9998924732208252,321.9986267089844,283.4703674316406,0.9999083280563354,319.16387939453125,329.8618469238281,0.9991106390953064
598,311.8675231933594,230.3618621826172,0.9998929500579834,321.5876770019531,283.65264892578125,0.9999011754989624,317.6036071777344,331.26409912109375,0.9985591769218445
599,311.8242492675781,231.25042724609375,0.9999372959136963,320.5601501464844,285.51177978515625,0.9998805522918701,317.34710693359375,331.7079162597656,0.9982942938804626
600,310.6863708496094,232.26498413085938,0.9998257756233215,319.15301513671875,285.820068359375,0.9998223185539246,316.5877990722656,331.74932861328125,0.9981507658958435
601,310.1341247558594,232.26498413085938,0.9999003410339355,319.045166015625,286.020263671875,0.9997885823249817,316.5060729980469,331.74932861328125,0.9981902241706848
602,309.07086181640625,232.26498413085938,0.9999104738235474,318.1993408203125,286.020263671875,0.999599039554596,312.75982666015625,332.20843505859375,0.9986768364906311
603,307.511962890625,232.14654541015625,0.9999337196350098,317.3074645996094,286.0641174316406,0.9995310306549072,312.6806945800781,332.20843505859375,0.9986935257911682
604,307.44281005859375,232.1112518310547,0.9999370574951172,317.1678771972656,286.0641174316406,0.9993155002593994,311.744873046875,332.2222595214844,0.9989871382713318
605,307.1666259765625,231.61068725585938,0.9999450445175171,317.0027770996094,286.06060791015625,0.9994580149650574,311.6748352050781,332.317626953125,0.9988481998443604
606,307.04681396484375,231.61068725585938,0.9999465942382812,317.0027770996094,285.8370666503906,0.9993736147880554,311.56512451171875,332.56292724609375,0.9990059733390808
607,306.7158508300781,231.61068725585938,0.9999409914016724,316.8427734375,285.99713134765625,0.9993926286697388,311.23974609375,332.73486328125,0.9988924860954285
608,306.5589904785156,231.8697967529297,0.9999388456344604,316.71820068359375,285.99713134765625,0.999397873878479,311.16925048828125,332.9151306152344,0.9989439845085144
609,306.52117919921875,232.32772827148438,0.9999294281005859,316.60577392578125,286.06060791015625,0.9993993043899536,311.16925048828125,333.2381591796875,0.9990066885948181
610,306.094970703125,233.04617309570312,0.9998974800109863,316.5919189453125,286.8414611816406,0.9996117949485779,311.16925048828125,333.35748291015625,0.9991263747215271
611,306.094970703125,233.0548095703125,0.9998986721038818,316.5919189453125,287.7769775390625,0.999745786190033,311.6601257324219,333.5198059082031,0.9988458156585693
612,305.8891296386719,233.11329650878906,0.9999079704284668,316.5919189453125,287.9176330566406,0.9997614026069641,312.22833251953125,334.68133544921875,0.9992464780807495
613,306.094970703125,233.11329650878906,0.9999146461486816,316.6877136230469,287.9811096191406,0.9997422099113464,312.22833251953125,334.83758544921875,0.9990229606628418
614,306.2685241699219,233.0548095703125,0.999895453453064,316.9115295410156,288.0289001464844,0.9997722506523132,312.3450927734375,334.9017028808594,0.9991238713264465
615,306.5301208496094,233.11329650878906,0.9999171495437622,316.9532165527344,288.0379943847656,0.9997348189353943,312.3529052734375,335.35906982421875,0.9992638230323792
616,307.0217590332031,233.18179321289062,0.9999260902404785,317.12164306640625,288.2704772949219,0.9997778534889221,312.3529052734375,335.35906982421875,0.9991076588630676
617,307.1409912109375,233.00257873535156,0.999913215637207,317.3014831542969,288.2704772949219,0.9997861981391907,314.5093078613281,335.35906982421875,0.999062716960907
618,307.1409912109375,233.0575714111328,0.9999134540557861,317.3719482421875,288.27496337890625,0.999763548374176,314.7016296386719,335.0845642089844,0.998948872089386
619,307.18035888671875,233.23023986816406,0.9999245405197144,317.48284912109375,288.27496337890625,0.9997560381889343,314.7016296386719,335.0504455566406,0.9988957643508911
620,307.18035888671875,233.22647094726562,0.9999231100082397,317.5563659667969,288.27496337890625,0.9997898936271667,314.7016296386719,334.9198913574219,0.9989950060844421
621,307.1409912109375,233.0575714111328,0.9999122619628906,317.5563659667969,288.18743896484375,0.9997782111167908,312.84521484375,334.8705749511719,0.9989480376243591
622,307.05303955078125,233.22647094726562,0.9999183416366577,317.5563659667969,288.18743896484375,0.9997981190681458,312.84521484375,334.77447509765625,0.9988653659820557
623,307.05303955078125,233.26144409179688,0.9999258518218994,317.5563659667969,288.1776428222656,0.9997592568397522,312.6065673828125,334.7143249511719,0.9990224838256836
624,306.29864501953125,233.5474853515625,0.9998871088027954,317.5163269042969,288.1776428222656,0.9996492862701416,312.6065673828125,334.3735046386719,0.9986510872840881
625,306.2696838378906,233.55860900878906,0.999903678894043,316.94378662109375,288.1776428222656,0.9997753500938416,312.4052429199219,334.259765625,0.9989410042762756
626,305.88629150390625,234.07669067382812,0.9998430013656616,316.5849609375,288.59442138671875,0.9998389482498169,312.4052429199219,334.259765625,0.998986542224884
627,305.83642578125,234.31809997558594,0.9998641014099121,316.5639343261719,288.7482604980469,0.9998118281364441,311.787353515625,334.259765625,0.9986568689346313
628,305.83642578125,234.70213317871094,0.9997959733009338,316.26055908203125,289.3059997558594,0.9998482465744019,311.8989562988281,335.3572692871094,0.9990342855453491
629,305.7856140136719,235.0536346435547,0.9997908473014832,315.9036560058594,290.3448486328125,0.9998700618743896,311.8989562988281,335.9143371582031,0.9993699193000793
630,305.5260925292969,235.3965301513672,0.9997771382331848,315.7824401855469,290.4064636230469,0.9998718500137329,311.787353515625,336.0548400878906,0.9994176626205444
631,305.5260925292969,235.45741271972656,0.9997768998146057,315.65460205078125,290.4954833984375,0.9998894929885864,310.7712097167969,336.6143493652344,0.9995577931404114
632,305.3208923339844,235.52066040039062,0.9997350573539734,315.6383361816406,290.8785400390625,0.9998836517333984,310.6541442871094,336.8091735839844,0.9995753169059753
633,305.30877685546875,235.9339141845703,0.9996034502983093,315.6152038574219,291.14764404296875,0.9998912811279297,310.5792541503906,336.8091735839844,0.9996261596679688
634,305.30877685546875,235.9339141845703,0.9995920062065125,315.6152038574219,290.8785400390625,0.9998891353607178,310.5792541503906,336.8091735839844,0.9995751976966858
635,305.30877685546875,235.9339141845703,0.9996215105056763,315.37603759765625,291.14764404296875,0.9999034404754639,310.5792541503906,336.5610656738281,0.999618411064148
636,305.3595886230469,235.9339141845703,0.9997556805610657,315.00555419921875,291.5457763671875,0.9998877048492432,310.5792541503906,336.5610656738281,0.9993378520011902
637,305.3595886230469,236.1704559326172,0.9996193647384644,314.8087463378906,291.6565246582031,0.9999172687530518,310.54364013671875,336.5610656738281,0.9993995428085327
638,305.3595886230469,236.98892211914062,0.9995524287223816,312.35595703125,291.6565246582031,0.9999145269393921,310.54364013671875,337.1767272949219,0.9995782971382141
639,304.79608154296875,237.19241333007812,0.9995322227478027,312.2350158691406,292.32257080078125,0.9999330043792725,310.221435546875,337.2295227050781,0.9995744824409485
640,304.7893981933594,239.700927734375,0.9996129870414734,311.1792297363281,293.321044921875,0.9998828172683716,309.6946716308594,337.49078369140625,0.9994761347770691
641,304.4076232910156,242.1854705810547,0.9998558759689331,310.6804504394531,294.21258544921875,0.9999366998672485,307.27734375,339.1231384277344,0.9997718930244446
642,302.2878112792969,243.20199584960938,0.9997420907020569,309.62847900390625,296.4880676269531,0.9998610019683838,306.83563232421875,341.8810729980469,0.9997871518135071
643,302.203369140625,246.0926971435547,0.9997736811637878,308.7840881347656,298.94189453125,0.9998342990875244,304.3795166015625,345.55615234375,0.9994767308235168
644,299.9148254394531,247.076171875,0.9997836947441101,307.5151672363281,300.95672607421875,0.9998655319213867,302.4801025390625,347.7672119140625,0.999061644077301
645,298.33746337890625,249.5514373779297,0.999591052532196,306.37841796875,303.8342590332031,0.9998987913131714,302.44793701171875,350.14495849609375,0.9992303848266602
646,296.2994384765625,251.74851989746094,0.9996439218521118,303.7068176269531,308.28912353515625,0.9999253749847412,300.3432922363281,351.8232116699219,0.9994176626205444
647,295.74725341796875,254.13607788085938,0.9993102550506592,303.0147399902344,310.5572509765625,0.9998857975006104,296.14068603515625,353.7121887207031,0.999387264251709
648,292.9246520996094,258.8979187011719,0.9999164342880249,301.0397033691406,314.29754638671875,0.9996304512023926,296.14068603515625,359.9125671386719,0.9995624423027039
649,289.9967956542969,262.209228515625,0.9999375343322754,299.74871826171875,316.215087890625,0.9986405968666077,295.3302307128906,361.6066589355469,0.9991074204444885
650,287.36529541015625,265.4769592285156,0.9998138546943665,297.7070007324219,319.30059814453125,0.9991766810417175,295.1875,362.4338684082031,0.9984812140464783
651,283.1819763183594,266.15399169921875,0.9996216297149658,294.5274658203125,320.6000061035156,0.9998900890350342,294.20086669921875,365.35693359375,0.9991934895515442
652,281.1368713378906,268.1611022949219,0.9984287619590759,292.36126708984375,324.0722351074219,0.9999405145645142,291.6410827636719,367.0303955078125,0.9993742108345032
653,280.1458740234375,269.6077880859375,0.9993895292282104,291.6114807128906,325.3588562011719,0.9999339580535889,291.1758728027344,368.155029296875,0.9996359348297119
654,278.93267822265625,273.40692138671875,0.9997802376747131,290.3797302246094,328.0589904785156,0.9998912811279297,290.6127014160156,370.0799560546875,0.9997149109840393
655,278.53497314453125,276.5637512207031,0.9999175071716309,290.15435791015625,329.6722412109375,0.9997269511222839,288.8153381347656,372.7624206542969,0.9997768998146057
656,275.02081298828125,277.99114990234375,0.9999592304229736,288.8721923828125,331.0115966796875,0.9997395873069763,286.2228088378906,375.54888916015625,0.9994474053382874
657,274.3079528808594,279.3747253417969,0.9999481439590454,287.11370849609375,334.0692443847656,0.9996674060821533,280.8040466308594,378.4894714355469,0.998763918876648
658,273.1541442871094,280.7923583984375,0.9999102354049683,285.03912353515625,336.6421813964844,0.9997946619987488,278.01043701171875,380.9148254394531,0.9993277788162231
659,272.2655334472656,282.5289611816406,0.9997805953025818,283.02374267578125,337.9744873046875,0.9998639822006226,278.01043701171875,384.4021301269531,0.999576985836029
660,272.2655334472656,283.6825256347656,0.9995728135108948,282.74005126953125,340.3297424316406,0.9999109506607056,277.86016845703125,385.10430908203125,0.999658465385437
661,272.2655334472656,284.3033447265625,0.999538779258728,282.616455078125,341.1239013671875,0.9998987913131714,277.86016845703125,385.82879638671875,0.9996680021286011
662,273.2002868652344,284.90594482421875,0.9994586110115051,282.616455078125,341.4065246582031,0.9998725652694702,277.40899658203125,387.0181579589844,0.9997608065605164
663,273.2002868652344,285.2395324707031,0.9994935989379883,281.8387451171875,342.0291748046875,0.9998693466186523,277.3867492675781,387.2735595703125,0.9997262358665466
664,273.2002868652344,285.861083984375,0.9994239807128906,280.45526123046875,342.0291748046875,0.9998562335968018,277.3867492675781,387.3741149902344,0.9997302889823914
665,272.9078674316406,285.8706970214844,0.9994530081748962,279.972412109375,341.59765625,0.9998563528060913,277.3867492675781,387.6772155761719,0.9997679591178894
666,272.9078674316406,285.9156799316406,0.9993789196014404,279.9643249511719,341.8087463378906,0.9998589754104614,277.16168212890625,387.6772155761719,0.9997606873512268
667,272.9078674316406,285.9156799316406,0.9994125366210938,279.77032470703125,341.8087463378906,0.9998914003372192,277.16168212890625,387.6772155761719,0.9997809529304504
668,273.0128173828125,285.861083984375,0.9994164705276489,279.77032470703125,341.7001647949219,0.9999097585678101,277.2046813964844,387.5815124511719,0.9997819066047668
669,273.0128173828125,285.7059631347656,0.9994064569473267,279.3891296386719,341.7001647949219,0.9998964071273804,277.2046813964844,387.3748474121094,0.9997615218162537
670,273.0128173828125,284.54840087890625,0.9995115995407104,279.3891296386719,341.7001647949219,0.9998782873153687,277.4127197265625,386.7794494628906,0.9996433258056641
671,272.7223815917969,284.4879455566406,0.9994093179702759,280.2828674316406,340.6774597167969,0.9999134540557861,277.70965576171875,386.4607849121094,0.9997462630271912
672,272.68865966796875,283.89971923828125,0.9993556141853333,282.04254150390625,340.1555480957031,0.9998842477798462,278.292724609375,385.9552917480469,0.9997174143791199
673,272.68865966796875,283.3117370605469,0.9995173215866089,282.63177490234375,339.78350830078125,0.9999040365219116,278.292724609375,385.715576171875,0.9996440410614014
674,272.68865966796875,283.2231140136719,0.9997126460075378,283.0036926269531,339.7361755371094,0.9998910427093506,278.3388671875,384.6999816894531,0.9996017813682556
675,274.5400085449219,281.5609130859375,0.999908447265625,284.50225830078125,338.3760070800781,0.999886155128479,282.1751403808594,383.3531494140625,0.9990549683570862
676,274.94635009765625,280.6521911621094,0.9999358654022217,285.2061462402344,337.3168029785156,0.9998365640640259,283.0579528808594,382.26837158203125,0.9990087151527405
677,276.6734313964844,279.67437744140625,0.9999479055404663,287.555908203125,335.3255615234375,0.9997065663337708,284.64361572265625,380.4241638183594,0.9984211921691895
678,278.4723205566406,278.4440612792969,0.9999387264251709,289.13629150390625,333.02764892578125,0.9998639822006226,286.0999755859375,378.01910400390625,0.99910968542099
679,280.7629089355469,277.3038330078125,0.9998606443405151,290.43316650390625,329.5960998535156,0.9998672008514404,289.3052062988281,374.33514404296875,0.9997790455818176
680,281.67559814453125,275.9322814941406,0.9997648596763611,291.2225036621094,329.08270263671875,0.9998447895050049,291.1077575683594,372.38568115234375,0.999790370464325
681,283.1384582519531,275.221435546875,0.9996651411056519,293.10809326171875,328.48870849609375,0.999835729598999,293.36187744140625,369.7344970703125,0.9995300769805908
682,286.0475769042969,274.2751770019531,0.9996974468231201,293.5809020996094,327.5732421875,0.9998862743377686,294.6636047363281,369.4825134277344,0.9996508359909058
683,289.1100158691406,269.57965087890625,0.9995843768119812,295.52667236328125,326.13128662109375,0.9998468160629272,295.2477111816406,369.4268798828125,0.9994025230407715
684,289.7581787109375,268.5618896484375,0.9995896220207214,296.0343322753906,325.3019104003906,0.9998800754547119,295.8808288574219,369.3162841796875,0.9995736479759216
685,290.924560546875,268.3118896484375,0.9996546506881714,298.8631591796875,325.0443420410156,0.9998667240142822,296.5888671875,368.5303649902344,0.9992572665214539
686,292.5687255859375,267.2569580078125,0.9998099207878113,303.1214904785156,322.80487060546875,0.9998666048049927,300.24468994140625,365.7383728027344,0.9982799291610718
687,294.14569091796875,266.0534362792969,0.9998499155044556,304.1281433105469,320.47564697265625,0.9998462200164795,301.8922424316406,364.8541564941406,0.9989534616470337
688,294.7064208984375,264.30059814453125,0.9998921155929565,305.15997314453125,318.5569763183594,0.9998311996459961,303.1086730957031,362.1497802734375,0.9992814660072327
689,297.37640380859375,262.337646484375,0.99980229139328,305.7195129394531,315.85455322265625,0.9998754262924194,304.3984680175781,361.3515930175781,0.9992050528526306
690,299.3277893066406,260.87860107421875,0.9997760653495789,306.61077880859375,314.8587341308594,0.9998922348022461,304.5128479003906,361.1366882324219,0.9995434880256653
691,300.69720458984375,260.160888671875,0.9997631907463074,307.4128723144531,313.8245544433594,0.9998670816421509,304.5128479003906,360.1747131347656,0.9997147917747498
692,302.376953125,258.9269714355469,0.999704897403717,308.18133544921875,312.74359130859375,0.9998922348022461,306.94659423828125,358.0345764160156,0.9998242259025574
693,303.6607971191406,256.77191162109375,0.9996597766876221,308.2212219238281,310.76007080078125,0.9999513626098633,307.075439453125,355.1802978515625,0.9997897744178772
694,304.5535888671875,252.02359008789062,0.999541163444519,308.2617492675781,308.8478088378906,0.9999591112136841,307.8502502441406,353.9935607910156,0.9997552037239075
695,305.0244445800781,251.97206115722656,0.9997043013572693,310.9672546386719,305.5509338378906,0.9999003410339355,309.34747314453125,351.5059814453125,0.9994321465492249
696,305.0616760253906,249.64715576171875,0.9998911619186401,311.2217102050781,303.04034423828125,0.9998043179512024,309.3929748535156,350.67578125,0.9991713762283325
697,306.2607421875,247.23976135253906,0.9999583959579468,312.2220153808594,300.2571716308594,0.9996036887168884,310.8892517089844,346.4600524902344,0.9991270899772644
698,308.4164733886719,246.5022430419922,0.9999464750289917,315.56829833984375,299.20611572265625,0.9995436072349548,311.74169921875,343.76336669921875,0.9995600581169128
699,308.7634582519531,244.63832092285156,0.9999330043792725,316.3382263183594,296.96563720703125,0.9998518228530884,311.832275390625,340.1635437011719,0.999521017074585
700,308.7634582519531,242.13479614257812,0.9998235106468201,316.5378723144531,294.93975830078125,0.9999219179153442,312.20947265625,338.5005187988281,0.9995954632759094
701,308.7039489746094,237.80087280273438,0.9994069337844849,316.6111145019531,293.0218200683594,0.9999306201934814,312.20947265625,336.32781982421875,0.9992668032646179
702,308.8333435058594,235.57472229003906,0.9997082352638245,317.0813293457031,290.41973876953125,0.9999003410339355,311.74169921875,335.7587890625,0.9993603825569153
703,308.8333435058594,232.90370178222656,0.9999291896820068,317.2101745605469,286.9997253417969,0.9997695088386536,312.20947265625,333.26373291015625,0.9990515112876892
704,308.7039489746094,231.4158935546875,0.9999469518661499,317.2101745605469,286.04364013671875,0.9995166063308716,312.20947265625,331.213623046875,0.9991154074668884
705,308.7039489746094,229.50128173828125,0.9999502897262573,317.2101745605469,283.52117919921875,0.999810516834259,313.8314208984375,330.8122253417969,0.9987947940826416
706,308.4320373535156,228.35256958007812,0.9999390840530396,316.8173828125,282.6280212402344,0.9996819496154785,313.9444580078125,329.8804626464844,0.9989660978317261
707,308.3951110839844,228.35256958007812,0.9999369382858276,316.00238037109375,282.50677490234375,0.9996728897094727,313.9444580078125,329.8804626464844,0.998897910118103
708,307.6851501464844,228.35256958007812,0.9999161958694458,315.8529968261719,282.47589111328125,0.9996064305305481,313.8314208984375,329.8804626464844,0.9991173148155212
709,306.6787414550781,228.44659423828125,0.9999411106109619,314.67169189453125,282.47589111328125,0.9996874332427979,309.8810729980469,330.58282470703125,0.9992424249649048
710,305.7821350097656,229.48825073242188,0.9999451637268066,312.6601257324219,282.5859375,0.999560534954071,309.2580871582031,330.6596374511719,0.9989786148071289
711,304.8385314941406,230.0002899169922,0.9999408721923828,312.05596923828125,282.5859375,0.9995642304420471,308.6486511230469,330.8233337402344,0.9992209672927856
712,303.89178466796875,230.69351196289062,0.9999136924743652,311.3193664550781,283.82379150390625,0.9997130036354065,308.5034484863281,332.1209411621094,0.9994112253189087
713,302.65655517578125,230.82742309570312,0.9998433589935303,310.68896484375,285.0775146484375,0.9997075200080872,308.2786560058594,332.1263122558594,0.9992597699165344
714,302.2698974609375,230.96331787109375,0.999813973903656,309.6625671386719,285.0775146484375,0.9997870326042175,307.32427978515625,333.0594787597656,0.9994180202484131
715,302.1855773925781,230.99539184570312,0.9998257756233215,309.3778076171875,285.0775146484375,0.9998205304145813,306.7564697265625,333.0594787597656,0.9993433356285095
716,302.0061950683594,230.98260498046875,0.9998164772987366,309.3115539550781,285.0775146484375,0.9998292922973633,306.7120056152344,333.3695068359375,0.9994310736656189
717,301.98406982421875,230.99539184570312,0.9998111128807068,309.2888488769531,285.1135559082031,0.9998050332069397,306.322509765625,333.63330078125,0.9994009733200073
718,301.9137878417969,230.99539184570312,0.9998037219047546,309.2888488769531,285.0249938964844,0.9998024106025696,306.7120056152344,333.3695068359375,0.9994478821754456
719,301.67022705078125,231.016357421875,0.9997949004173279,309.3115539550781,284.95538330078125,0.9998292922973633,306.7564697265625,333.205810546875,0.9993919134140015
720,301.3034973144531,231.28021240234375,0.9998406171798706,309.5838623046875,285.1135559082031,0.9998446702957153,307.3231201171875,333.9136962890625,0.9993433356285095
721,300.8487548828125,231.37811279296875,0.99982088804245,309.5838623046875,285.32421875,0.9998160004615784,307.481201171875,333.9136962890625,0.9993783235549927
722,300.4058532714844,232.02395629882812,0.9997667670249939,309.5838623046875,286.60858154296875,0.9997196793556213,308.2431335449219,333.9136962890625,0.9993396401405334
723,300.6761169433594,232.3272247314453,0.9997387528419495,309.3501892089844,286.777587890625,0.9997525811195374,308.82672119140625,334.6575012207031,0.9993877410888672
724,300.6761169433594,232.3272247314453,0.9997466206550598,309.3501892089844,286.777587890625,0.999749481678009,309.17266845703125,334.6575012207031,0.9994032382965088
725,300.6761169433594,232.44400024414062,0.9997555613517761,309.3501892089844,286.777587890625,0.9997289776802063,309.17266845703125,334.6575012207031,0.9993757605552673
726,302.47027587890625,232.3272247314453,0.9997507929801941,310.5815124511719,286.72930908203125,0.9996851682662964,309.17266845703125,334.6454162597656,0.9993607401847839
727,303.087158203125,232.1367950439453,0.9998745918273926,311.2400817871094,286.694580078125,0.9996395111083984,309.2740173339844,333.4499816894531,0.9992709755897522
728,303.674072265625,232.1367950439453,0.9998342990875244,311.3916931152344,286.3713684082031,0.99965500831604,309.4007568359375,333.4499816894531,0.9993102550506592
729,303.739501953125,232.1435089111328,0.999875545501709,312.1680603027344,286.3713684082031,0.9995728135108948,309.8226623535156,333.4499816894531,0.9992780089378357
730,304.56365966796875,232.1435089111328,0.9999265670776367,315.14111328125,286.3713684082031,0.999426007270813,311.3536376953125,333.3219299316406,0.9991051554679871
731,305.02020263671875,232.94921875,0.9998749494552612,315.80206298828125,286.94879150390625,0.9995318651199341,311.49151611328125,333.5666809082031,0.9989232420921326
732,305.0717468261719,233.49771118164062,0.999880313873291,315.80218505859375,286.9610290527344,0.9995852112770081,311.8170166015625,333.5953369140625,0.9990235567092896
733,305.8443908691406,233.53726196289062,0.9998534917831421,316.4477233886719,287.1244201660156,0.9996545314788818,312.4867248535156,333.5953369140625,0.9986072182655334
734,305.9224548339844,233.69888305664062,0.9998953342437744,316.8419189453125,288.13946533203125,0.9997636675834656,312.7206726074219,334.5799560546875,0.9989417195320129
735,306.6944580078125,233.69888305664062,0.9998800754547119,316.9924011230469,289.0062255859375,0.9998264908790588,312.7206726074219,334.7817077636719,0.9990020394325256
736,306.7001037597656,233.58309936523438,0.9999009370803833,317.4757080078125,289.157470703125,0.9998371601104736,312.5607604980469,334.9902648925781,0.9989257454872131
737,307.1963195800781,233.58309936523438,0.9999148845672607,317.7200622558594,289.2411193847656,0.9998210072517395,312.9179992675781,335.03228759765625,0.9990935325622559
738,307.45709228515625,233.5370635986328,0.9999229907989502,317.9826354980469,289.2411193847656,0.9998441934585571,314.6549377441406,335.11322021484375,0.999206006526947
739,307.8138427734375,233.41648864746094,0.9999076128005981,318.475341796875,289.2411193847656,0.999783456325531,315.1437683105469,335.31561279296875,0.9991493225097656
740,307.9867248535156,233.2869415283203,0.9999189376831055,319.79046630859375,289.2411193847656,0.9997826218605042,315.8485107421875,335.3674011230469,0.9992243051528931
741,308.149169921875,233.28175354003906,0.9999160766601562,320.0799865722656,289.0692443847656,0.9998701810836792,315.8485107421875,335.31561279296875,0.9993213415145874
742,308.5243835449219,233.28175354003906,0.9999303817749023,320.1302795410156,289.0692443847656,0.9998615980148315,315.8544921875,335.1592102050781,0.9992902278900146
743,308.9367370605469,233.28175354003906,0.9999257326126099,320.25103759765625,289.4882507324219,0.9998043179512024,315.8544921875,335.3674011230469,0.9992170333862305
744,308.96026611328125,233.71702575683594,0.9998745918273926,320.3590393066406,289.60040283203125,0.9999092817306519,315.8014831542969,335.3674011230469,0.9991336464881897
745,308.96026611328125,233.97239685058594,0.9998377561569214,320.25103759765625,290.34149169921875,0.9999097585678101,314.9813232421875,335.49273681640625,0.9992006421089172
746,308.96026611328125,234.0211944580078,0.9998815059661865,320.3590393066406,290.7857971191406,0.9999254941940308,314.9813232421875,335.66131591796875,0.9991500377655029
747,308.394775390625,234.0621795654297,0.999901294708252,320.25103759765625,290.7857971191406,0.9999065399169922,314.9813232421875,335.66131591796875,0.9991374015808105
748,308.2071533203125,234.0621795654297,0.9998927116394043,320.0522766113281,291.0375061035156,0.999906063079834,315.16845703125,335.6913757324219,0.9992339611053467
749,308.1002197265625,234.28761291503906,0.9998857975006104,320.0389099121094,291.0299377441406,0.9999046325683594,315.37725830078125,335.7176513671875,0.9991363883018494
750,308.0569763183594,234.46690368652344,0.9998711347579956,319.5998840332031,291.0299377441406,0.9998762607574463,315.37725830078125,335.838623046875,0.9993115663528442
751,308.0569763183594,234.46690368652344,0.9998754262924194,319.5998840332031,291.276123046875,0.9998868703842163,315.37725830078125,335.8899230957031,0.9993473887443542
752,307.7347717285156,234.50181579589844,0.9998672008514404,319.5998840332031,291.5400085449219,0.9999040365219116,315.3911437988281,335.8899230957031,0.999267041683197
753,307.5133056640625,234.744140625,0.999871015548706,319.5998840332031,291.5721740722656,0.99991774559021,315.37725830078125,335.838623046875,0.9992864727973938
754,307.5133056640625,234.82223510742188,0.9998421669006348,319.5998840332031,291.8441467285156,0.999915361404419,315.3911437988281,335.838623046875,0.9991908669471741
755,307.29278564453125,235.15879821777344,0.9998373985290527,319.2104187011719,291.9104309082031,0.9998781681060791,315.3911437988281,335.9088439941406,0.9988372921943665
756,306.9674987792969,235.85606384277344,0.9996949434280396,317.72442626953125,292.31854248046875,0.9998972415924072,315.07196044921875,335.9088439941406,0.9993305206298828
757,306.21435546875,236.50677490234375,0.9995467066764832,316.7156066894531,292.52728271484375,0.9999117851257324,312.5613098144531,336.3116455078125,0.9993958473205566
758,306.0635070800781,236.50677490234375,0.9995279312133789,315.87445068359375,293.000732421875,0.9999126195907593,312.0329895019531,336.373046875,0.9993890523910522
759,306.0175476074219,236.6160888671875,0.9995598196983337,315.39801025390625,293.1810607910156,0.999927282333374,311.4148864746094,337.1109313964844,0.9995833039283752
760,305.9648742675781,236.72698974609375,0.9995455145835876,314.96759033203125,293.5145568847656,0.9999234676361084,311.3902893066406,337.1128234863281,0.9996275901794434
761,305.2207336425781,236.94400024414062,0.9995542168617249,314.459716796875,293.5665283203125,0.9999123811721802,310.7715148925781,337.321044921875,0.9995484948158264
762,303.8372497558594,237.101318359375,0.9993786811828613,314.3394470214844,293.7767639160156,0.999919056892395,310.4933776855469,337.5312805175781,0.9996422529220581
763,303.0815124511719,237.48951721191406,0.9993399977684021,311.15777587890625,293.80279541015625,0.9999274015426636,308.5680236816406,337.6649475097656,0.9996935129165649
764,302.4218444824219,240.08883666992188,0.9994475245475769,310.3517150878906,294.5050048828125,0.9999310970306396,307.7454528808594,337.93817138671875,0.9997120499610901
765,300.5458984375,240.9808349609375,0.9995181560516357,308.6824645996094,295.3692626953125,0.9999260902404785,306.0682678222656,339.72625732421875,0.9997573494911194
766,300.0517578125,243.75216674804688,0.9997140765190125,308.62384033203125,297.3460388183594,0.9998549222946167,304.7840270996094,343.1615295410156,0.9996614456176758
767,299.4544982910156,246.33880615234375,0.9997671246528625,307.6969909667969,299.2303161621094,0.9998959302902222,304.45599365234375,344.8704833984375,0.9995933175086975
768,297.89324951171875,247.78048706054688,0.999774158000946,306.0944519042969,302.5633850097656,0.9998750686645508,303.7480773925781,346.5291748046875,0.9988987445831299
769,296.4925537109375,250.9443817138672,0.9997426867485046,304.1777038574219,306.602783203125,0.9999297857284546,301.18505859375,351.021728515625,0.9989011287689209
770,296.2301330566406,253.66822814941406,0.9990928173065186,302.6854248046875,310.37677001953125,0.9998880624771118,300.23370361328125,352.0395202636719,0.9991316199302673
771,293.5003356933594,258.0791015625,0.999875545501709,301.3231201171875,312.532958984375,0.9997687935829163,299.69195556640625,355.17181396484375,0.9995362758636475
772,290.0568542480469,262.0971984863281,0.9999423027038574,300.9684753417969,315.77716064453125,0.9994220733642578,299.13519287109375,358.7583312988281,0.9993512034416199
773,286.3919372558594,263.67962646484375,0.9997556805610657,296.0269470214844,317.1208190917969,0.9992884397506714,299.13519287109375,362.0826721191406,0.9984387755393982
774,284.0458984375,266.4069519042969,0.9995052814483643,294.3525390625,319.8231506347656,0.9998289346694946,293.7926025390625,364.33453369140625,0.9990297555923462
775,282.822021484375,268.45947265625,0.998843789100647,292.3390197753906,323.7359619140625,0.999955415725708,293.30657958984375,366.95831298828125,0.9994599223136902
776,280.53839111328125,272.5001220703125,0.999345600605011,291.84014892578125,326.81817626953125,0.9999185800552368,292.4718017578125,368.9339294433594,0.99960857629776
777,279.65234375,275.7859802246094,0.9998900890350342,291.82958984375,329.107421875,0.9998247027397156,291.4818115234375,371.3118591308594,0.9997525811195374
778,277.36029052734375,278.50665283203125,0.9999446868896484,288.7618713378906,334.4450378417969,0.99982088804245,285.75714111328125,377.3338928222656,0.9991210103034973
779,275.4978332519531,280.8528747558594,0.9999125003814697,287.5491943359375,336.51690673828125,0.9998130202293396,283.7330322265625,383.2794189453125,0.9993258714675903
780,273.41143798828125,282.3379821777344,0.9998420476913452,284.21807861328125,340.10662841796875,0.9998898506164551,282.51446533203125,384.8771057128906,0.9995753169059753
781,272.98681640625,283.6497802734375,0.9996316432952881,283.8742980957031,341.1900329589844,0.9998651742935181,279.2738342285156,385.0849304199219,0.9994338154792786
782,272.2700500488281,284.8869323730469,0.9994487166404724,282.52764892578125,341.24835205078125,0.9998794794082642,279.1897277832031,386.25238037109375,0.999636173248291
783,272.16632080078125,285.1268310546875,0.99940025806427,279.69940185546875,341.995361328125,0.999848484992981,279.1897277832031,387.0154724121094,0.9995131492614746
784,271.6497802734375,286.46832275390625,0.9991939663887024,279.365234375,343.58050537109375,0.9996558427810669,277.62835693359375,388.0625,0.9997575879096985
785,270.0198669433594,288.20904541015625,0.99941086769104,277.86248779296875,343.71649169921875,0.9998908042907715,276.5210266113281,389.00628662109375,0.999822199344635
786,269.4139404296875,288.34686279296875,0.9991236329078674,277.82666015625,344.04541015625,0.9997509121894836,276.4452209472656,389.99188232421875,0.9998161196708679
787,269.4139404296875,288.34686279296875,0.9991260170936584,277.7667541503906,344.04541015625,0.9998041987419128,276.3646240234375,390.0440368652344,0.9998176693916321
788,269.4139404296875,288.20904541015625,0.9991908669471741,277.82666015625,344.04583740234375,0.9997257590293884,276.0837097167969,390.0440368652344,0.9998182654380798
789,269.5160827636719,287.3636779785156,0.9988148212432861,277.86248779296875,344.04541015625,0.9998414516448975,276.0837097167969,390.0440368652344,0.9998219609260559
790,270.2336730957031,287.3597412109375,0.9988873600959778,278.8690490722656,344.04498291015625,0.9997120499610901,276.0837097167969,389.5659484863281,0.9998007416725159
791,271.9339294433594,286.62896728515625,0.9992774128913879,279.2066955566406,344.04498291015625,0.9997816681861877,276.9955749511719,389.0772399902344,0.9998012185096741
792,272.0547180175781,285.9161682128906,0.9992614388465881,280.25628662109375,343.2300720214844,0.9997187256813049,278.02301025390625,387.6805725097656,0.9997513890266418
793,273.1256103515625,284.7882385253906,0.9996045231819153,282.74700927734375,342.86505126953125,0.9997661709785461,278.5237731933594,386.7843017578125,0.9996256828308105
794,273.6667175292969,284.2175598144531,0.999620795249939,283.7591552734375,342.5852966308594,0.999864935874939,281.6694641113281,386.2977600097656,0.9993895292282104
795,274.3783874511719,283.56439208984375,0.9997321963310242,284.6662292480469,341.564697265625,0.999885082244873,282.8578186035156,385.28472900390625,0.9994785189628601
796,274.5472717285156,283.07720947265625,0.9998306035995483,284.9095764160156,340.311767578125,0.9998661279678345,284.1103515625,385.13787841796875,0.9995463490486145
797,275.5915832519531,282.1302795410156,0.9998931884765625,285.09027099609375,339.9151611328125,0.9998481273651123,284.34478759765625,384.7559814453125,0.9994568228721619
798,276.8851013183594,281.2977600097656,0.9999021291732788,287.66351318359375,338.90875244140625,0.9998465776443481,284.8074645996094,383.8105163574219,0.9993295669555664
799,278.1103820800781,280.093505859375,0.9999183416366577,288.46295166015625,337.41998291015625,0.9998990297317505,284.92706298828125,383.29595947265625,0.9994587302207947
800,280.9803161621094,279.5155334472656,0.9998065829277039,289.669921875,335.1334533691406,0.999832034111023,284.9664001464844,382.47100830078125,0.9992827773094177
801,281.9523620605469,277.39398193359375,0.9997828602790833,290.1483154296875,335.04443359375,0.9998164772987366,287.2574768066406,381.9620361328125,0.9993417859077454
802,283.0374450683594,277.2818298339844,0.9997993111610413,291.99664306640625,333.5904541015625,0.999727189540863,289.6222229003906,380.4054870605469,0.9993988275527954
803,285.80645751953125,277.0572509765625,0.999771773815155,292.82769775390625,332.2889709472656,0.9997840523719788,290.7289123535156,377.3730773925781,0.999554455280304
804,288.4131774902344,275.861083984375,0.9998962879180908,295.08636474609375,331.44525146484375,0.9996452331542969,294.9718933105469,375.6557922363281,0.9993234872817993
805,288.931640625,274.5740966796875,0.9998936653137207,295.8194885253906,329.25836181640625,0.9994055032730103,295.5961608886719,374.1507873535156,0.9996390342712402
806,290.3965759277344,273.1822509765625,0.9998742341995239,299.74615478515625,329.24169921875,0.9996758699417114,300.4066162109375,371.6031799316406,0.9995226860046387
807,291.7847900390625,270.4189147949219,0.9997368454933167,301.09136962890625,327.57080078125,0.9997982382774353,300.89263916015625,370.8161926269531,0.9995846152305603
808,293.1972961425781,269.5983581542969,0.9996943473815918,303.2498474121094,326.67608642578125,0.9998525381088257,301.3238525390625,370.3229064941406,0.9992490410804749
809,293.3352966308594,268.9743957519531,0.9995415210723877,303.26165771484375,325.5567321777344,0.9998754262924194,302.0441589355469,369.7648010253906,0.9995929598808289
810,295.13494873046875,267.1263427734375,0.9997121691703796,304.4603271484375,324.4781799316406,0.9999182224273682,302.9646301269531,369.1151428222656,0.9995520710945129
811,296.45526123046875,266.7483215332031,0.9997199177742004,305.392578125,321.87982177734375,0.9999185800552368,303.379638671875,368.056640625,0.9993653893470764
812,297.1624450683594,265.2837829589844,0.9995782971382141,306.92315673828125,319.7975769042969,0.999864935874939,304.469970703125,366.509521484375,0.9994603991508484
813,297.8289489746094,264.117919921875,0.9997536540031433,307.5955810546875,319.04241943359375,0.9998226761817932,306.22979736328125,363.309326171875,0.9992522597312927
814,298.4958190917969,262.8789367675781,0.9997395873069763,308.2023620605469,318.4100646972656,0.9998311996459961,306.8356628417969,362.5135192871094,0.9994285702705383
815,300.11187744140625,262.1259765625,0.9997977614402771,308.8228759765625,316.51690673828125,0.9998534917831421,307.18896484375,362.3417053222656,0.999322772026062
816,303.8028869628906,260.9032287597656,0.9998681545257568,309.4219970703125,316.30047607421875,0.9997734427452087,307.3646545410156,362.1365051269531,0.9994238615036011
817,306.0480651855469,260.3957824707031,0.9999089241027832,310.6200256347656,314.54156494140625,0.9997276663780212,308.9236145019531,362.1365051269531,0.9995027780532837
818,307.05609130859375,258.6094665527344,0.9998817443847656,311.5174255371094,313.0052795410156,0.9995742440223694,310.5473937988281,361.5895690917969,0.9995015859603882
819,309.5648193359375,254.72250366210938,0.9995792508125305,312.5421142578125,311.81134033203125,0.999755322933197,311.1167907714844,357.7594909667969,0.9996672868728638
820,310.0935363769531,252.5702667236328,0.9992677569389343,314.96630859375,311.44287109375,0.9998703002929688,314.0868225097656,356.0582275390625,0.9995088577270508
821,311.70416259765625,252.56581115722656,0.9992897510528564,315.1033630371094,311.2616271972656,0.9998712539672852,314.53271484375,355.4674987792969,0.99951171875
822,312.20782470703125,249.83628845214844,0.9998546838760376,316.98773193359375,306.2516784667969,0.9998452663421631,315.87567138671875,351.15985107421875,0.9990878105163574
823,312.20782470703125,247.48854064941406,0.9998792409896851,320.1975402832031,303.0543518066406,0.9995725750923157,317.06341552734375,350.29998779296875,0.9988480806350708
824,313.9254455566406,245.6029815673828,0.9997410178184509,320.9622802734375,300.9237060546875,0.9998780488967896,318.8377380371094,349.2429504394531,0.9992202520370483
825,314.79071044921875,243.89515686035156,0.9997578263282776,320.9622802734375,298.9691467285156,0.9998979568481445,318.8377380371094,344.0609130859375,0.9996446371078491
826,315.3181457519531,242.80691528320312,0.9996814727783203,321.4107971191406,297.0446472167969,0.9998249411582947,318.8377380371094,342.462646484375,0.9997257590293884
827,315.3181457519531,241.4622802734375,0.9995195865631104,321.6661376953125,296.50347900390625,0.999915361404419,316.95245361328125,340.5455017089844,0.9995964169502258
828,315.61163330078125,241.18325805664062,0.9994276165962219,322.3896179199219,294.4552917480469,0.9999690055847168,316.95245361328125,337.6099548339844,0.9994956254959106
829,316.58209228515625,235.22808837890625,0.9986575841903687,322.9591369628906,291.21807861328125,0.9999688863754272,316.95245361328125,337.0975036621094,0.9994447827339172
830,316.58209228515625,233.72694396972656,0.999413251876831,323.46844482421875,288.0482482910156,0.9999395608901978,319.4070739746094,335.0501403808594,0.9992772936820984
831,316.58209228515625,230.99205017089844,0.9997861981391907,323.9666442871094,286.199462890625,0.9998769760131836,319.4613342285156,332.5265808105469,0.9993026256561279
832,317.29608154296875,229.16867065429688,0.9997697472572327,324.016357421875,284.080810546875,0.999893307685852,319.67626953125,331.567626953125,0.9991863369941711
833,318.639892578125,228.8773651123047,0.9998666048049927,324.32781982421875,283.0501403808594,0.9998868703842163,320.4771728515625,329.21209716796875,0.9994581341743469
834,318.9208984375,227.63063049316406,0.999823272228241,324.32781982421875,281.54534912109375,0.9998993873596191,321.3175964355469,328.26910400390625,0.999664306640625
835,319.1863098144531,226.85464477539062,0.9998592138290405,324.32781982421875,281.2781066894531,0.9998588562011719,321.6529235839844,326.6337585449219,0.9997068047523499
836,318.9208984375,226.4651336669922,0.9997881054878235,324.2886047363281,281.2781066894531,0.9998891353607178,321.6529235839844,326.6337585449219,0.9996545314788818
837,318.9208984375,226.4651336669922,0.9998526573181152,324.0736999511719,281.2781066894531,0.9998886585235596,321.6529235839844,326.6337585449219,0.9996216297149658
838,318.2276916503906,226.85464477539062,0.9996770620346069,323.4892578125,281.3070068359375,0.9998822212219238,320.7898254394531,327.1108093261719,0.9995538592338562
839,316.2219543457031,226.9393310546875,0.9997439980506897,323.4168395996094,281.9286804199219,0.9999079704284668,320.2685546875,327.4136657714844,0.9990717172622681
840,315.841796875,227.0608367919922,0.9997754693031311,323.0657043457031,281.9378356933594,0.9999113082885742,319.48797607421875,327.4136657714844,0.999413251876831
841,315.54559326171875,227.0608367919922,0.9997943043708801,322.74456787109375,281.9378356933594,0.9999092817306519,319.48797607421875,327.4136657714844,0.9995715022087097
842,315.2414855957031,227.0608367919922,0.9997887015342712,322.6106872558594,281.9378356933594,0.9999066591262817,319.48797607421875,327.2242736816406,0.9995360374450684
843,315.11871337890625,226.74298095703125,0.9997696280479431,322.0073547363281,281.7059020996094,0.9999055862426758,319.48797607421875,327.0238037109375,0.9995201826095581
844,314.74163818359375,225.82803344726562,0.9997245669364929,321.529296875,281.03857421875,0.9998815059661865,318.11328125,327.0238037109375,0.9992921352386475
845,313.8829650878906,225.7987060546875,0.9996616840362549,320.6667175292969,281.0359802246094,0.9999005794525146,317.56866455078125,326.87384033203125,0.9989838004112244
846,313.0700378417969,225.60218811035156,0.999613344669342,320.51361083984375,280.9768981933594,0.9998941421508789,315.6405944824219,326.6004943847656,0.9985092282295227
847,312.29669189453125,225.5670928955078,0.9996539354324341,319.5522155761719,280.9768981933594,0.9998117089271545,315.4858703613281,326.5397644042969,0.9987236857414246
848,312.0205383300781,225.32447814941406,0.9996887445449829,319.50836181640625,280.5260925292969,0.9998701810836792,315.4719543457031,326.6004943847656,0.9988817572593689
849,311.983154296875,225.2713623046875,0.9997171759605408,319.2713317871094,280.2659912109375,0.9998611211776733,314.6707763671875,326.6004943847656,0.9985062479972839
850,311.7336120605469,225.2178955078125,0.9997938275337219,319.2713317871094,280.22503662109375,0.9998464584350586,314.591552734375,326.8657531738281,0.9985082745552063
851,311.7336120605469,225.19174194335938,0.9997743964195251,319.2713317871094,280.0093994140625,0.9998284578323364,314.591552734375,326.8657531738281,0.9983232617378235
852,311.7336120605469,225.17340087890625,0.9996578693389893,319.397216796875,279.0235290527344,0.999923586845398,314.6707763671875,326.8657531738281,0.9989379048347473
853,312.20758056640625,224.5420684814453,0.9996495246887207,319.805908203125,278.88134765625,0.9999146461486816,315.82861328125,326.59356689453125,0.998450756072998
854,312.8381652832031,223.03207397460938,0.999221920967102,320.5884094238281,278.47650146484375,0.9999390840530396,317.40020751953125,325.52410888671875,0.9986069798469543
855,314.68780517578125,222.13990783691406,0.9991738200187683,321.4313049316406,278.2390441894531,0.9999637603759766,317.8025207519531,324.70782470703125,0.9989379048347473
856,317.3860778808594,221.97389221191406,0.9991911053657532,322.8254089355469,278.01373291015625,0.999970555305481,319.4207763671875,324.3248596191406,0.999211311340332
857,318.826416015625,221.68186950683594,0.999240517616272,325.1701354980469,277.3580322265625,0.9999654293060303,323.1589050292969,323.84747314453125,0.9997332692146301
858,320.5849914550781,221.34426879882812,0.999505877494812,326.8009338378906,277.1190490722656,0.9999418258666992,325.1418151855469,323.6567077636719,0.9997336268424988
859,324.8056640625,221.34426879882812,0.9996225833892822,331.3580017089844,277.1184387207031,0.9999074935913086,326.54840087890625,323.6358947753906,0.9997074007987976
860,328.0184631347656,221.68186950683594,0.9993444085121155,334.9835510253906,277.1184387207031,0.9998936653137207,331.63336181640625,323.6358947753906,0.999464213848114
861,333.2556457519531,222.8089141845703,0.9989284873008728,338.1689147949219,277.3580322265625,0.9999674558639526,336.2533264160156,323.6358947753906,0.9997366070747375
862,338.26324462890625,225.01144409179688,0.9998635053634644,342.18505859375,277.58673095703125,0.9999539852142334,338.6654357910156,324.23052978515625,0.9998230338096619
863,342.3169860839844,225.2318572998047,0.9997708201408386,348.2091369628906,279.80487060546875,0.9998495578765869,344.18292236328125,324.249755859375,0.9995852112770081
864,347.4167175292969,226.46200561523438,0.9996002316474915,352.55743408203125,281.27490234375,0.9998929500579834,348.8894348144531,327.541259765625,0.9995404481887817
865,352.2213134765625,226.968505859375,0.9998877048492432,357.32171630859375,281.28662109375,0.9997594952583313,353.5433654785156,328.68695068359375,0.9997151494026184
866,352.54058837890625,227.5701904296875,0.9998613595962524,357.32171630859375,281.4640197753906,0.9994760155677795,353.5433654785156,328.68695068359375,0.9996354579925537
867,352.54058837890625,227.9357452392578,0.9998499155044556,357.32171630859375,281.4903564453125,0.9997792840003967,353.5433654785156,329.0352783203125,0.9996703863143921
868,352.54058837890625,227.9357452392578,0.9998601675033569,356.18988037109375,281.4903564453125,0.9998445510864258,351.83599853515625,329.0758361816406,0.9997358918190002
869,352.10546875,228.28428649902344,0.9998728036880493,356.18988037109375,281.5782470703125,0.9998975992202759,350.6370849609375,329.5101623535156,0.9992966651916504
870,352.10546875,229.63018798828125,0.9998210072517395,356.18988037109375,283.0522766113281,0.9998672008514404,350.6370849609375,329.584716796875,0.9992735981941223
871,352.10546875,231.39715576171875,0.9998501539230347,356.375,283.28302001953125,0.9998733997344971,350.6370849609375,330.8133544921875,0.9990960359573364
872,353.40234375,231.4593963623047,0.9999047517776489,357.0905456542969,284.8855285644531,0.9997243285179138,351.76373291015625,330.84521484375,0.9994601607322693
873,353.40234375,232.2891845703125,0.9998618364334106,357.0905456542969,285.2031555175781,0.9996137022972107,351.78759765625,331.4969177246094,0.9995349645614624
874,353.40234375,232.64700317382812,0.999882698059082,357.4425964355469,285.2930908203125,0.9998002648353577,351.78759765625,331.9350280761719,0.9994391798973083
875,352.9176330566406,233.37271118164062,0.9996974468231201,357.4425964355469,286.26678466796875,0.9998319149017334,351.78759765625,332.05078125,0.9994277358055115
876,352.5091552734375,233.37356567382812,0.9997686743736267,357.4425964355469,286.49090576171875,0.999805748462677,351.78759765625,333.75537109375,0.9994545578956604
877,352.5091552734375,234.22955322265625,0.9997257590293884,357.9254150390625,288.0195007324219,0.999871015548706,352.45489501953125,335.50079345703125,0.9994891881942749
878,352.5091552734375,235.20945739746094,0.9994322657585144,357.9254150390625,291.4854736328125,0.9998868703842163,353.9758605957031,336.6827697753906,0.9996891021728516
879,352.2193298339844,235.49761962890625,0.9990893602371216,357.9254150390625,291.8235778808594,0.9999293088912964,354.54034423828125,338.4162902832031,0.9997829794883728
880,352.26922607421875,235.6219024658203,0.9988812804222107,357.9447021484375,291.8235778808594,0.9999371767044067,354.6455383300781,338.4162902832031,0.9998123049736023
881,352.07086181640625,235.86538696289062,0.9989500641822815,357.62451171875,291.9992980957031,0.9999488592147827,354.6455383300781,338.5960388183594,0.9997865557670593
882,352.07086181640625,235.86538696289062,0.9988834261894226,357.62451171875,292.1072998046875,0.9999421834945679,354.6795349121094,338.5960388183594,0.9997679591178894
883,352.26922607421875,236.12762451171875,0.9987664222717285,357.62451171875,292.1072998046875,0.9999488592147827,354.99029541015625,338.2634582519531,0.9997960925102234
884,352.26922607421875,236.26168823242188,0.999018669128418,357.4651184082031,292.5131530761719,0.9999464750289917,355.10302734375,337.9378662109375,0.9997355341911316
885,351.7196044921875,236.7274627685547,0.9991331696510315,357.28472900390625,292.55712890625,0.9999610185623169,355.2093505859375,337.9378662109375,0.9997320771217346
886,351.95440673828125,236.7274627685547,0.9989479184150696,357.26409912109375,292.55712890625,0.999961256980896,355.3038635253906,337.775390625,0.9996926784515381
887,351.95440673828125,236.7274627685547,0.9990314245223999,357.26409912109375,292.55712890625,0.9999617338180542,355.7662048339844,337.3798828125,0.999750554561615
888,351.95440673828125,236.47222900390625,0.9989811778068542,357.28472900390625,292.55712890625,0.9999574422836304,356.2932434082031,337.34295654296875,0.9996651411056519
889,351.95440673828125,236.3359375,0.9987255930900574,357.28472900390625,292.5059509277344,0.9999563694000244,356.2932434082031,337.193359375,0.999691367149353
890,351.95440673828125,236.23204040527344,0.9990944862365723,357.2175598144531,292.44403076171875,0.9999444484710693,356.2932434082031,337.0078430175781,0.999634861946106
