scorer,DLC_mobnet_100_force_vitesse_powerFeb18shuffle1_48000,DLC_mobnet_100_force_vitesse_powerFeb18shuffle1_48000,DLC_mobnet_100_force_vitesse_powerFeb18shuffle1_48000,DLC_mobnet_100_force_vitesse_powerFeb18shuffle1_48000,DLC_mobnet_100_force_vitesse_powerFeb18shuffle1_48000,DLC_mobnet_100_force_vitesse_powerFeb18shuffle1_48000,DLC_mobnet_100_force_vitesse_powerFeb18shuffle1_48000,DLC_mobnet_100_force_vitesse_powerFeb18shuffle1_48000,DLC_mobnet_100_force_vitesse_powerFeb18shuffle1_48000
bodyparts,haut,haut,haut,milieu,milieu,milieu,bas,bas,bas
coords,x,y,likelihood,x,y,likelihood,x,y,likelihood
0,374.510498046875,140.42010498046875,0.9981510043144226,377.78875732421875,197.44842529296875,0.9996994733810425,376.06292724609375,252.66651916503906,0.997097373008728
1,374.53466796875,140.46002197265625,0.9983592629432678,377.8638916015625,197.5366973876953,0.9997304081916809,376.06292724609375,252.8488006591797,0.9981406927108765
2,374.69427490234375,140.7464141845703,0.9981404542922974,377.8638916015625,197.66598510742188,0.9997135996818542,376.06292724609375,252.8488006591797,0.9971100687980652
3,374.69427490234375,140.90345764160156,0.9982155561447144,377.8638916015625,197.9613494873047,0.9996968507766724,375.7945861816406,252.87557983398438,0.9983654618263245
4,374.69427490234375,140.9084930419922,0.998364269733429,377.9679870605469,197.9613494873047,0.9997015595436096,375.7945861816406,252.87557983398438,0.9985270500183105
5,374.7403564453125,141.01596069335938,0.9985384941101074,377.9679870605469,197.9613494873047,0.9997028708457947,375.7945861816406,253.00413513183594,0.9982141256332397
6,374.7403564453125,141.07546997070312,0.9983851909637451,377.9679870605469,197.90924072265625,0.9997276663780212,375.9995422363281,253.31492614746094,0.997980535030365
7,374.7403564453125,141.07546997070312,0.998282790184021,377.9679870605469,197.90924072265625,0.9997280240058899,376.1224670410156,253.33604431152344,0.9975928664207458
8,374.7142333984375,141.15663146972656,0.998272180557251,377.96270751953125,197.90924072265625,0.9997077584266663,376.1224670410156,253.33604431152344,0.9980727434158325
9,374.7142333984375,141.15663146972656,0.9986369013786316,377.73822021484375,198.20726013183594,0.999701201915741,375.9995422363281,253.67947387695312,0.9979938268661499
10,374.6819152832031,141.15663146972656,0.9984159469604492,377.710693359375,198.2901153564453,0.9996511936187744,375.6155700683594,253.7760009765625,0.9983090162277222
11,374.5828552246094,141.15663146972656,0.9982118606567383,377.6243896484375,198.33261108398438,0.9996581077575684,375.5361022949219,254.08555603027344,0.9982080459594727
12,373.98223876953125,141.9800262451172,0.9986265897750854,376.78741455078125,198.7228240966797,0.9995456337928772,374.6842956542969,254.08555603027344,0.9987509250640869
13,373.52001953125,142.025634765625,0.9984844326972961,376.71868896484375,198.7228240966797,0.999534010887146,374.36456298828125,253.89797973632812,0.9986131191253662
14,373.2088317871094,142.025634765625,0.9987807869911194,376.6145935058594,198.7228240966797,0.9995390176773071,374.2628173828125,253.89797973632812,0.998796820640564
15,373.1997985839844,141.9800262451172,0.9987230896949768,376.59283447265625,198.70787048339844,0.9995280504226685,374.24810791015625,253.68939208984375,0.9986203908920288
16,373.156005859375,141.97528076171875,0.9987119436264038,376.5410461425781,198.61082458496094,0.9995570778846741,373.7737731933594,253.6798553466797,0.9987990856170654
17,373.1476745605469,141.97528076171875,0.9987461566925049,375.67254638671875,197.36085510253906,0.9995409250259399,373.6179504394531,253.6798553466797,0.9988400340080261
18,372.9015197753906,141.97528076171875,0.9988928437232971,375.6211853027344,197.35714721679688,0.9995550513267517,373.6179504394531,253.65785217285156,0.9988999366760254
19,372.68524169921875,141.989990234375,0.9989367127418518,375.6211853027344,197.36085510253906,0.9995542168617249,373.4607849121094,253.6798553466797,0.9988866448402405
20,372.6803283691406,142.06654357910156,0.9989479184150696,375.6185302734375,197.36085510253906,0.999554455280304,373.2943420410156,253.65785217285156,0.9988418221473694
21,372.6803283691406,142.196533203125,0.9990235567092896,375.6211853027344,197.38804626464844,0.9995131492614746,373.2943420410156,253.58984375,0.9989006519317627
22,372.68524169921875,142.196533203125,0.9990506768226624,375.6492004394531,197.44677734375,0.9994887113571167,373.4853210449219,253.5537109375,0.9989369511604309
23,372.9826965332031,142.196533203125,0.9990115165710449,376.56475830078125,198.8084716796875,0.999484658241272,373.4853210449219,253.5537109375,0.9989307522773743
24,373.2350158691406,141.94805908203125,0.9988753199577332,376.85369873046875,198.9853973388672,0.9995061159133911,374.0385437011719,253.1101531982422,0.9988839030265808
25,373.3147888183594,141.94805908203125,0.998908519744873,376.9643249511719,199.04173278808594,0.9995067119598389,374.4746398925781,253.09445190429688,0.9987340569496155
26,373.48175048828125,141.94805908203125,0.9988914132118225,377.048095703125,199.0810089111328,0.9994950294494629,374.6836853027344,253.07298278808594,0.9986637830734253
27,373.48175048828125,141.94805908203125,0.9988102912902832,377.0672912597656,199.0818328857422,0.9995161294937134,374.6836853027344,253.07298278808594,0.9986732006072998
28,373.48175048828125,141.94805908203125,0.9987994432449341,377.0672912597656,199.17706298828125,0.99952232837677,374.6836853027344,253.07298278808594,0.9986125230789185
29,373.48175048828125,141.89395141601562,0.9988228678703308,377.1044006347656,199.18081665039062,0.9995065927505493,374.6645202636719,253.15660095214844,0.9985755681991577
30,373.3869323730469,141.847900390625,0.9988142251968384,377.1044006347656,199.21722412109375,0.999484658241272,374.6096496582031,253.25399780273438,0.998563826084137
31,373.2994384765625,141.8050994873047,0.9988597631454468,377.2065124511719,199.2265625,0.9994712471961975,374.6096496582031,253.30589294433594,0.9985197186470032
32,373.2374572753906,141.7754669189453,0.9988163709640503,377.23895263671875,199.2265625,0.9994712471961975,374.6096496582031,253.34136962890625,0.9985446929931641
33,373.2374572753906,141.76002502441406,0.9988333582878113,377.28802490234375,199.2265625,0.9994897842407227,374.68109130859375,253.37936401367188,0.9985476136207581
34,373.2374572753906,141.7754669189453,0.9987170696258545,377.28802490234375,199.01783752441406,0.9995388984680176,374.68109130859375,253.6528778076172,0.9984337687492371
35,373.27825927734375,141.7754669189453,0.9987204074859619,377.23895263671875,199.0112762451172,0.9995377063751221,374.6861572265625,253.6528778076172,0.9984642267227173
36,373.33502197265625,142.16331481933594,0.9983920454978943,376.8849182128906,198.90713500976562,0.999600350856781,374.8365173339844,253.6528778076172,0.998444139957428
37,373.478271484375,142.27359008789062,0.9983194470405579,376.8689880371094,198.78079223632812,0.9996082186698914,374.8645935058594,253.6528778076172,0.99837327003479
38,373.5185546875,142.3477783203125,0.9981809854507446,376.8578796386719,198.78079223632812,0.9996082186698914,374.8562927246094,253.58238220214844,0.9983440637588501
39,373.5185546875,142.3477783203125,0.9982129335403442,376.8209228515625,198.85223388671875,0.9996073842048645,374.8562927246094,253.5817413330078,0.9983885288238525
40,373.67010498046875,142.36065673828125,0.9980970025062561,376.8209228515625,198.85223388671875,0.9995891451835632,374.8562927246094,253.57545471191406,0.9984440207481384
41,373.68035888671875,142.40821838378906,0.9981324076652527,376.8151550292969,198.75057983398438,0.9995915293693542,374.8562927246094,253.4593048095703,0.9985246062278748
42,373.68035888671875,142.50633239746094,0.9980358481407166,376.8151550292969,198.8251953125,0.9995924830436707,374.8562927246094,253.38479614257812,0.998417854309082
43,373.67010498046875,142.50633239746094,0.9980615973472595,376.81463623046875,198.8251953125,0.9995704293251038,374.9481506347656,253.4593048095703,0.9982613921165466
44,373.6212463378906,142.50633239746094,0.9979668259620667,376.81463623046875,198.8251953125,0.9995637536048889,375.1152038574219,253.38479614257812,0.9984117746353149
45,373.5767517089844,142.4484405517578,0.9981982111930847,376.81463623046875,198.92396545410156,0.999553382396698,375.1888732910156,253.25808715820312,0.9983572363853455
46,373.5767517089844,142.3814239501953,0.9981948733329773,376.8363342285156,198.92396545410156,0.9995643496513367,375.1888732910156,253.31588745117188,0.9983558058738708
47,373.6212463378906,142.36582946777344,0.9982492923736572,376.93756103515625,198.92396545410156,0.9995630383491516,375.2437438964844,253.31588745117188,0.9983783960342407
48,374.7843322753906,142.07875061035156,0.9978811144828796,377.32049560546875,198.640625,0.9995249509811401,375.2710266113281,253.29029846191406,0.9980924725532532
49,374.7843322753906,142.07875061035156,0.997914731502533,377.373046875,198.5734405517578,0.9995145797729492,375.33837890625,253.31588745117188,0.9980364441871643
50,374.7843322753906,142.06431579589844,0.9979409575462341,377.4493408203125,198.57208251953125,0.999517560005188,375.5805969238281,253.3687744140625,0.9976701140403748
51,374.7198181152344,142.06431579589844,0.997848629951477,377.46026611328125,198.5734405517578,0.9995005130767822,375.68023681640625,253.3687744140625,0.9976093769073486
52,374.6633605957031,142.0423126220703,0.9978306889533997,377.4879150390625,198.57208251953125,0.9994850158691406,375.68023681640625,253.31317138671875,0.9976133108139038
53,374.6402587890625,142.0243377685547,0.9980300068855286,377.6139831542969,198.57208251953125,0.9994858503341675,375.5805969238281,253.31317138671875,0.9976332187652588
54,374.6633605957031,142.0077362060547,0.9980423450469971,377.61663818359375,198.6336212158203,0.9995098114013672,375.5751953125,253.29312133789062,0.9978247880935669
55,374.6633605957031,141.9522247314453,0.9979907274246216,377.6471862792969,198.6336212158203,0.9994919300079346,375.4652404785156,253.29312133789062,0.9980177879333496
56,374.68878173828125,141.85079956054688,0.9979177117347717,377.61663818359375,198.6336212158203,0.99950110912323,375.3862609863281,253.26768493652344,0.9979238510131836
57,375.0408020019531,141.81729125976562,0.9977782368659973,377.61663818359375,198.6336212158203,0.9995256662368774,375.37384033203125,253.26768493652344,0.998143196105957
58,375.0408020019531,141.81466674804688,0.9978572726249695,377.61663818359375,198.67344665527344,0.9995736479759216,375.37384033203125,253.25851440429688,0.9980541467666626
59,375.0408020019531,141.6335906982422,0.9977686405181885,377.58062744140625,198.67344665527344,0.9995755553245544,375.21502685546875,253.25851440429688,0.9982810020446777
60,374.2376403808594,141.61703491210938,0.9977630376815796,377.15838623046875,198.67344665527344,0.9994856119155884,375.1782531738281,253.16566467285156,0.9981549382209778
61,374.2376403808594,141.18089294433594,0.9981801509857178,377.15838623046875,198.57215881347656,0.9995083808898926,375.1782531738281,253.11328125,0.9983742237091064
62,373.936767578125,141.02488708496094,0.9981946349143982,377.15838623046875,197.8301239013672,0.9996823072433472,375.4140930175781,252.73046875,0.9982593655586243
63,373.936767578125,140.026123046875,0.9978408813476562,377.5718994140625,197.71600341796875,0.9996151924133301,375.9659423828125,252.57919311523438,0.9977803826332092
64,372.4002990722656,139.79513549804688,0.998363196849823,377.5813293457031,196.8309783935547,0.9996570348739624,377.25885009765625,250.92333984375,0.9945374131202698
65,371.8298034667969,139.0818328857422,0.9991714954376221,377.5813293457031,195.3851776123047,0.9994180202484131,379.3341369628906,250.47348022460938,0.9943493008613586
66,371.8298034667969,137.75930786132812,0.9995100498199463,377.5813293457031,194.32308959960938,0.9994258880615234,379.7284240722656,249.59127807617188,0.9962460398674011
67,371.4166259765625,136.41555786132812,0.9996752738952637,377.3278503417969,191.84837341308594,0.9980477094650269,379.7284240722656,249.02899169921875,0.9971832633018494
68,371.4166259765625,134.60728454589844,0.9997405409812927,374.9878845214844,189.39620971679688,0.9983103275299072,379.7284240722656,246.8408966064453,0.9987136125564575
69,370.2979736328125,132.37782287597656,0.9997684359550476,373.9300537109375,187.87103271484375,0.9991451501846313,374.8542785644531,245.77157592773438,0.9988545179367065
70,369.60345458984375,130.9886016845703,0.99972003698349,373.3285827636719,186.45184326171875,0.9993748068809509,374.5907287597656,244.51722717285156,0.9988611936569214
71,367.5867919921875,129.8712615966797,0.9992558360099792,372.5971374511719,183.79373168945312,0.9996973276138306,372.5173034667969,242.14649963378906,0.9993941783905029
72,367.4460144042969,126.62577056884766,0.9973690509796143,370.11639404296875,182.7074737548828,0.9996905326843262,370.959716796875,239.87503051757812,0.999193012714386
73,365.5173034667969,124.12538146972656,0.9973273277282715,368.3330993652344,180.4223175048828,0.9997804760932922,368.73980712890625,238.08822631835938,0.9988529682159424
74,363.2171325683594,123.05228424072266,0.9964428544044495,366.2335510253906,178.7837371826172,0.9994801878929138,366.769287109375,235.68113708496094,0.9984593391418457
75,359.8224182128906,122.65185546875,0.9978126287460327,364.0534973144531,176.74880981445312,0.9980789422988892,364.813232421875,233.74905395507812,0.9980030655860901
76,357.19921875,121.57394409179688,0.9993444085121155,360.7386474609375,174.5054931640625,0.9929953217506409,361.8719787597656,231.97080993652344,0.9985961318016052
77,353.2801818847656,120.65569305419922,0.9996627569198608,357.31072998046875,173.21490478515625,0.999055802822113,357.72222900390625,231.23948669433594,0.9990965127944946
78,351.30975341796875,119.13004302978516,0.9996273517608643,355.2868347167969,171.38092041015625,0.9991087317466736,355.2711486816406,228.97750854492188,0.9995272159576416
79,349.4769287109375,116.14518737792969,0.9994692206382751,351.8165283203125,169.97659301757812,0.998740017414093,353.6548767089844,228.2206573486328,0.999382734298706
80,347.3360595703125,116.14518737792969,0.9995948672294617,350.0240783691406,169.89259338378906,0.9981800317764282,349.47491455078125,226.8531494140625,0.9989909529685974
81,346.55804443359375,116.14518737792969,0.9995723366737366,347.9267883300781,168.9617919921875,0.9987196922302246,348.9078674316406,226.6813201904297,0.999125063419342
82,343.6716613769531,116.87727355957031,0.9994291663169861,346.23004150390625,168.9617919921875,0.9986158609390259,347.5904846191406,226.6813201904297,0.9988884329795837
83,341.5963134765625,117.19493865966797,0.9997847676277161,343.55377197265625,168.9617919921875,0.9983502626419067,346.3209533691406,226.6813201904297,0.9989199638366699
84,338.65863037109375,118.95397186279297,0.99969482421875,341.0067138671875,169.9053955078125,0.9974861145019531,343.1409912109375,227.34295654296875,0.9987797141075134
85,337.0450744628906,119.67886352539062,0.9997106194496155,339.6819152832031,171.5867156982422,0.999098539352417,340.2694091796875,228.3128204345703,0.9994693398475647
86,336.2185974121094,121.49519348144531,0.9994387030601501,339.4219665527344,173.1408233642578,0.9992011189460754,339.8130187988281,229.5428466796875,0.9995191097259521
87,335.48699951171875,122.4535903930664,0.998653769493103,339.32611083984375,174.07574462890625,0.9981155395507812,338.96759033203125,230.40823364257812,0.9993521571159363
88,335.3179931640625,122.76106262207031,0.9979109168052673,338.53790283203125,175.4278106689453,0.9992707371711731,337.6609802246094,232.3421173095703,0.9991851449012756
89,334.8290100097656,122.76106262207031,0.9976657629013062,337.8626708984375,175.4278106689453,0.9995368719100952,337.14422607421875,232.3421173095703,0.9990953207015991
90,333.79571533203125,122.59662628173828,0.9979956150054932,336.91778564453125,175.4278106689453,0.9994633793830872,336.5473937988281,232.3421173095703,0.9988738894462585
91,333.67230224609375,122.59662628173828,0.9983546137809753,336.1739501953125,175.3536376953125,0.9983974099159241,336.37066650390625,231.2120819091797,0.9992507100105286
92,332.4555969238281,121.6962890625,0.9987185001373291,335.60955810546875,174.67530822753906,0.9981328845024109,335.9248046875,230.58909606933594,0.9993034601211548
93,332.1279296875,121.5839614868164,0.9989405274391174,335.3125,174.09300231933594,0.9983909130096436,335.33135986328125,230.58212280273438,0.9993072748184204
94,332.1279296875,121.48487854003906,0.9989112615585327,334.9215393066406,173.7243194580078,0.99853515625,334.01409912109375,230.50526428222656,0.9991300702095032
95,332.1279296875,121.48487854003906,0.9990422129631042,334.50732421875,173.7243194580078,0.9981060028076172,333.7846374511719,230.50526428222656,0.9992191791534424
96,332.3273010253906,121.5839614868164,0.9988201260566711,334.3027038574219,173.7243194580078,0.9975270628929138,332.3277893066406,230.58212280273438,0.9992865920066833
97,332.3273010253906,121.68660736083984,0.9989320635795593,334.0951843261719,174.35401916503906,0.9982708692550659,332.3277893066406,231.36892700195312,0.9992390871047974
98,332.3273010253906,121.79216003417969,0.9985570311546326,334.0951843261719,174.4700469970703,0.997982382774353,332.3277893066406,231.5289306640625,0.9991760849952698
99,331.9892272949219,121.88156127929688,0.9988077878952026,334.1777038574219,174.65467834472656,0.997316300868988,332.7112121582031,231.57017517089844,0.9988884329795837
100,331.90838623046875,121.97196197509766,0.9985992312431335,334.1777038574219,174.69061279296875,0.9978898167610168,333.0289611816406,231.57017517089844,0.999047577381134
101,331.70977783203125,121.97196197509766,0.998647153377533,334.1976318359375,174.69061279296875,0.997989296913147,333.0834045410156,231.58648681640625,0.9991714954376221
102,331.70977783203125,121.97196197509766,0.9985783100128174,334.1976318359375,174.69061279296875,0.9978780746459961,333.0834045410156,231.57017517089844,0.9991304278373718
103,331.70977783203125,121.80900573730469,0.9981852173805237,334.21502685546875,174.50857543945312,0.9975714087486267,333.0289611816406,231.0911102294922,0.9991180300712585
104,331.70977783203125,121.66483306884766,0.9989045858383179,334.1976318359375,174.50857543945312,0.9976577758789062,332.8231201171875,231.0911102294922,0.9991713762283325
105,331.70977783203125,121.58956146240234,0.9985435009002686,334.0284729003906,174.50216674804688,0.9980229139328003,332.8231201171875,231.0911102294922,0.9993599057197571
106,331.6584777832031,121.58631134033203,0.9983035326004028,333.8819580078125,174.50216674804688,0.9974080920219421,332.8231201171875,231.0911102294922,0.9991497993469238
107,331.1321716308594,121.58631134033203,0.9982582926750183,333.6729736328125,174.51966857910156,0.9970943927764893,332.8231201171875,231.3220977783203,0.9990639090538025
108,330.2596435546875,121.58956146240234,0.9981865286827087,333.64581298828125,174.7857208251953,0.9970760345458984,332.8905029296875,231.63455200195312,0.9990293979644775
109,329.5549011230469,121.64502716064453,0.9975965619087219,332.7575378417969,175.409912109375,0.9967262744903564,332.8905029296875,232.46119689941406,0.9986940026283264
110,329.4395446777344,121.9944076538086,0.9970345497131348,332.39544677734375,175.46194458007812,0.9967503547668457,332.4339904785156,232.50521850585938,0.9985062479972839
111,327.5045166015625,122.67389678955078,0.9965897798538208,331.6994323730469,175.5404052734375,0.9962767958641052,332.3973388671875,232.5193634033203,0.9985964894294739
112,326.83917236328125,122.96563720703125,0.9968072175979614,331.54949951171875,175.56576538085938,0.996174693107605,332.3654479980469,233.1850128173828,0.9983841180801392
113,326.7269592285156,122.97091674804688,0.9968892931938171,331.2918395996094,175.5665740966797,0.9959689378738403,332.17474365234375,233.4467010498047,0.9983289837837219
114,326.4434509277344,122.97091674804688,0.9979209303855896,331.14794921875,176.52682495117188,0.9982981085777283,332.0821838378906,233.74386596679688,0.9983231425285339
115,326.30377197265625,123.1357421875,0.9975046515464783,330.8936462402344,176.8629608154297,0.9974543452262878,331.5740051269531,233.9167938232422,0.9981992840766907
116,325.2726135253906,123.71343231201172,0.9977203011512756,330.7122802734375,177.15724182128906,0.9982795715332031,331.7185974121094,233.9216766357422,0.9977588653564453
117,324.8359680175781,123.61820983886719,0.9982923865318298,330.4917907714844,177.15724182128906,0.9988241791725159,331.745361328125,233.9167938232422,0.9979416728019714
118,324.8359680175781,123.61820983886719,0.9981423616409302,330.4917907714844,177.15724182128906,0.9988560676574707,331.745361328125,233.9216766357422,0.9981866478919983
119,324.8359680175781,123.71343231201172,0.9982649683952332,330.4917907714844,177.25982666015625,0.9980717897415161,331.745361328125,233.9167938232422,0.9983086585998535
120,325.2217102050781,123.61820983886719,0.9980766773223877,330.8336486816406,177.25982666015625,0.9989064931869507,331.745361328125,233.9488983154297,0.9979845285415649
121,325.2618103027344,123.55003356933594,0.9984179735183716,330.8336486816406,177.25982666015625,0.9990531802177429,331.745361328125,234.25941467285156,0.9982162117958069
122,326.5430603027344,123.16061401367188,0.9981237053871155,330.8336486816406,177.3748779296875,0.9992068409919739,331.3393859863281,234.25941467285156,0.9977697134017944
123,326.5430603027344,123.16061401367188,0.9981359243392944,330.5047912597656,177.37600708007812,0.9993508458137512,331.1811828613281,234.36886596679688,0.9980059266090393
124,326.5430603027344,123.16061401367188,0.9982011318206787,330.5047912597656,177.37600708007812,0.9992758631706238,330.5056457519531,234.36886596679688,0.9981684684753418
125,326.27587890625,123.16061401367188,0.9978267550468445,330.5047912597656,177.3748779296875,0.9990662932395935,330.5056457519531,234.10220336914062,0.9971919655799866
126,326.27587890625,123.16061401367188,0.9983561635017395,330.7904968261719,176.7100372314453,0.9987549781799316,331.3393859863281,234.01904296875,0.9980250597000122
127,326.27587890625,122.95329284667969,0.9988752007484436,330.90972900390625,176.02442932128906,0.9974516034126282,331.5045471191406,233.39544677734375,0.9984733462333679
128,326.5045166015625,122.41908264160156,0.998869001865387,330.90972900390625,175.78353881835938,0.9978395700454712,331.5337829589844,233.3430938720703,0.9984756112098694
129,326.61370849609375,122.24823760986328,0.9986147880554199,330.90972900390625,175.58851623535156,0.9977661371231079,331.5337829589844,233.3430938720703,0.9983510971069336
130,326.7521667480469,122.20488739013672,0.9983733892440796,330.90972900390625,175.58851623535156,0.9979717135429382,331.5337829589844,233.3430938720703,0.9984149932861328
131,326.7665100097656,122.20488739013672,0.9987039566040039,330.77264404296875,175.58851623535156,0.9985004663467407,331.0863342285156,233.68922424316406,0.9985509514808655
132,326.79833984375,121.87599182128906,0.9990309476852417,330.77264404296875,176.25625610351562,0.9988259673118591,329.5981750488281,233.82345581054688,0.9980887770652771
133,326.7665100097656,121.87599182128906,0.9991648197174072,330.77264404296875,176.25625610351562,0.9990274906158447,329.47589111328125,233.82345581054688,0.9983200430870056
134,326.7665100097656,121.87599182128906,0.9989365935325623,330.77264404296875,176.29934692382812,0.9988341927528381,329.47589111328125,233.82345581054688,0.9979739785194397
135,326.30084228515625,122.23771667480469,0.9990445971488953,330.698486328125,176.3534393310547,0.9986458420753479,329.47589111328125,233.78591918945312,0.9983114004135132
136,326.2041015625,122.27006530761719,0.9989981055259705,330.2547607421875,176.4314422607422,0.9989128112792969,329.47589111328125,233.77171325683594,0.9984909296035767
137,325.871337890625,122.28939056396484,0.9989964365959167,330.1932067871094,176.4354248046875,0.9986735582351685,329.47589111328125,233.77171325683594,0.9984402060508728
138,325.5893249511719,122.4595718383789,0.9992115497589111,329.54071044921875,176.4354248046875,0.9986838698387146,329.3686828613281,233.77171325683594,0.9982921481132507
139,325.23590087890625,122.4595718383789,0.9992712140083313,329.4210510253906,176.4354248046875,0.9986371397972107,329.2673034667969,233.77171325683594,0.9983981251716614
140,325.23590087890625,122.4595718383789,0.9992942810058594,328.35467529296875,175.166748046875,0.9983875751495361,329.1791687011719,233.77171325683594,0.9984942674636841
141,325.23590087890625,122.38925170898438,0.9994150400161743,327.88104248046875,175.0436248779297,0.9992425441741943,328.7524108886719,233.60586547851562,0.9981661438941956
142,325.23590087890625,122.38925170898438,0.9993346333503723,327.88104248046875,174.94740295410156,0.9989222288131714,328.60028076171875,233.60586547851562,0.9984013438224792
143,325.23590087890625,122.38925170898438,0.9993002414703369,327.88104248046875,174.843994140625,0.9991372227668762,328.296630859375,233.72128295898438,0.9981462955474854
144,325.4590148925781,122.37350463867188,0.9992214441299438,327.9308776855469,174.68817138671875,0.9991968274116516,328.2283935546875,233.72128295898438,0.9976599216461182
145,325.6272888183594,122.30915832519531,0.9992138147354126,327.9308776855469,174.49798583984375,0.998920202255249,328.08270263671875,233.72128295898438,0.9977311491966248
146,325.5659484863281,122.30392456054688,0.9991913437843323,327.9308776855469,174.35902404785156,0.9985947012901306,327.18890380859375,233.72128295898438,0.9973856806755066
147,325.6272888183594,122.2520751953125,0.9993942975997925,327.9096374511719,174.35902404785156,0.9986541271209717,327.0985412597656,233.40084838867188,0.9974954724311829
148,325.6294250488281,122.2520751953125,0.9993578791618347,327.6201171875,174.35902404785156,0.9986194372177124,327.0985412597656,233.32391357421875,0.9974191188812256
149,325.710693359375,122.2282943725586,0.9992683529853821,327.4598388671875,174.48362731933594,0.9989120960235596,326.4932556152344,233.20066833496094,0.9980359673500061
150,325.7260437011719,122.2282943725586,0.9991559982299805,327.3891296386719,174.53843688964844,0.9989111423492432,326.43377685546875,233.17730712890625,0.9975156784057617
151,325.7260437011719,122.31897735595703,0.9992908239364624,327.368408203125,174.63938903808594,0.999083399772644,326.43377685546875,233.17730712890625,0.9976555109024048
152,325.710693359375,122.38862609863281,0.9991389513015747,327.2354736328125,174.74241638183594,0.9991982579231262,326.4932556152344,233.20066833496094,0.9975466132164001
153,325.0057067871094,122.42539978027344,0.9994446635246277,327.1158752441406,174.83636474609375,0.9991890788078308,327.4474792480469,233.22215270996094,0.9979745745658875
154,325.0057067871094,122.42539978027344,0.9993357062339783,327.1158752441406,174.83636474609375,0.9993270635604858,327.8548278808594,233.22215270996094,0.9978986978530884
155,325.0057067871094,122.42539978027344,0.9994500279426575,327.1158752441406,174.63938903808594,0.9992817044258118,327.9419250488281,233.22215270996094,0.997643768787384
156,325.15020751953125,122.40003204345703,0.9992639422416687,327.59454345703125,174.58746337890625,0.9987096786499023,328.2380065917969,232.6626739501953,0.9986409544944763
157,325.15020751953125,122.16069793701172,0.9994580149650574,327.59454345703125,174.58746337890625,0.9992546439170837,328.2380065917969,232.6626739501953,0.9984766840934753
158,325.15020751953125,122.15389251708984,0.9994363188743591,327.59454345703125,174.41409301757812,0.9990419745445251,328.388671875,232.6626739501953,0.9985496401786804
159,324.5087585449219,122.078369140625,0.9996187686920166,326.94976806640625,174.4152374267578,0.9991673231124878,328.4422912597656,232.6626739501953,0.9982722997665405
160,324.37786865234375,122.078369140625,0.9996305704116821,326.91656494140625,174.41409301757812,0.9991027116775513,328.494140625,232.59764099121094,0.9983062744140625
161,324.37786865234375,122.03659057617188,0.9996222257614136,326.8831787109375,174.41409301757812,0.9991056323051453,328.4422912597656,232.68280029296875,0.9983667731285095
162,324.5087585449219,122.03659057617188,0.9996612071990967,326.8775634765625,174.41409301757812,0.999016523361206,328.5674743652344,232.59764099121094,0.9984857439994812
163,324.6085510253906,122.01691436767578,0.9996217489242554,326.8775634765625,174.4152374267578,0.9990930557250977,328.4422912597656,232.48280334472656,0.9982093572616577
164,324.9861145019531,122.01691436767578,0.9995741248130798,326.8831787109375,174.463623046875,0.9992600083351135,328.726806640625,232.47666931152344,0.9986960291862488
165,325.64410400390625,122.03659057617188,0.9994980096817017,326.8775634765625,174.61349487304688,0.9991798996925354,328.21539306640625,232.47666931152344,0.9985223412513733
166,325.64410400390625,122.15299987792969,0.9994839429855347,327.07366943359375,174.70497131347656,0.9991600513458252,328.726806640625,232.47666931152344,0.998908281326294
167,325.64410400390625,122.22863006591797,0.9994204044342041,327.1037292480469,174.738525390625,0.9993345141410828,329.24578857421875,233.0962677001953,0.9980877041816711
168,323.6239929199219,122.92855834960938,0.9991521835327148,327.1037292480469,174.64352416992188,0.9991406202316284,329.24578857421875,233.23175048828125,0.9986777901649475
169,323.46759033203125,122.96014404296875,0.9993568062782288,326.7471008300781,174.90948486328125,0.9992076754570007,328.21539306640625,233.38963317871094,0.9984373450279236
170,322.3280029296875,123.14764404296875,0.9995530247688293,326.4065246582031,174.9882354736328,0.9990981817245483,327.83447265625,233.69998168945312,0.9976239800453186
171,322.067138671875,123.35904693603516,0.9991700649261475,326.1407165527344,175.1408233642578,0.9994194507598877,326.4649353027344,233.90081787109375,0.9977731108665466
172,321.7171630859375,123.50237274169922,0.9993401169776917,325.8181457519531,175.34432983398438,0.9995118379592896,326.24005126953125,233.99900817871094,0.9980384707450867
173,321.0828552246094,123.50237274169922,0.9991648197174072,325.4495544433594,175.48196411132812,0.9993046522140503,326.1557312011719,234.2025909423828,0.9973982572555542
174,320.8218078613281,123.50237274169922,0.9990032315254211,325.0710754394531,175.4855499267578,0.9995310306549072,325.2163391113281,234.52415466308594,0.9978875517845154
175,320.0132751464844,123.53260803222656,0.9986395239830017,324.0885925292969,175.59169006347656,0.9996393918991089,324.11004638671875,234.52415466308594,0.9983035326004028
176,320.0132751464844,123.44932556152344,0.9981719255447388,323.79876708984375,175.7743682861328,0.9996391534805298,324.0434875488281,234.52415466308594,0.9982590079307556
177,319.6967468261719,123.39845275878906,0.9980952143669128,322.4936218261719,175.88906860351562,0.9995778203010559,323.2485046386719,234.76719665527344,0.9980870485305786
178,319.6967468261719,123.2743148803711,0.9975984692573547,322.4936218261719,176.33456420898438,0.9995527863502502,323.0638427734375,234.83287048339844,0.9978172779083252
179,320.02728271484375,123.2743148803711,0.997788667678833,322.4936218261719,176.8787384033203,0.9997889399528503,322.6669006347656,235.25949096679688,0.998496413230896
180,320.1523132324219,123.2743148803711,0.9978101849555969,322.8191833496094,176.94992065429688,0.9997912049293518,322.5888366699219,235.44993591308594,0.9986044764518738
181,320.412841796875,123.30630493164062,0.9978848099708557,323.2003173828125,177.0115966796875,0.9997280240058899,322.47113037109375,235.44993591308594,0.9985089898109436
182,320.412841796875,123.60039520263672,0.9983251690864563,323.20648193359375,177.0115966796875,0.9997667670249939,322.47113037109375,235.62403869628906,0.9985644221305847
183,320.1543884277344,123.61189270019531,0.9981983304023743,323.20648193359375,177.0115966796875,0.9998102784156799,322.5888366699219,235.5057830810547,0.9985313415527344
184,320.1543884277344,123.69221496582031,0.9984681010246277,323.20648193359375,177.00364685058594,0.9997444748878479,322.9822692871094,235.50885009765625,0.9984018206596375
185,320.8682556152344,123.69839477539062,0.998481810092926,323.2745666503906,177.00364685058594,0.9997726082801819,322.9822692871094,235.50885009765625,0.9980834722518921
186,320.9934997558594,123.7247314453125,0.998293936252594,323.4972229003906,177.00364685058594,0.9997209906578064,322.9822692871094,235.62403869628906,0.9982143640518188
187,321.45294189453125,123.79014587402344,0.9986485838890076,323.73583984375,177.59896850585938,0.9998371601104736,322.815673828125,235.89874267578125,0.9983195662498474
188,321.5445251464844,123.94031524658203,0.9987370371818542,323.8294982910156,178.1720733642578,0.9998387098312378,322.815673828125,235.9136199951172,0.998460054397583
189,321.901123046875,123.98956298828125,0.9987621307373047,323.8294982910156,178.26675415039062,0.9998736381530762,322.74261474609375,236.4022979736328,0.9986279010772705
190,321.901123046875,124.01182556152344,0.9987756609916687,323.863525390625,178.46229553222656,0.9998632669448853,322.74261474609375,236.4022979736328,0.9982860684394836
191,321.901123046875,124.05268859863281,0.9989113807678223,323.8294982910156,178.46229553222656,0.9998776912689209,322.74261474609375,236.45480346679688,0.9985320568084717
192,321.3858642578125,124.05268859863281,0.9985888600349426,323.61773681640625,178.46229553222656,0.999818742275238,322.74261474609375,236.45480346679688,0.998890221118927
193,320.4456787109375,124.09705352783203,0.9979002475738525,323.2501525878906,178.3527374267578,0.9998036026954651,322.6832275390625,236.4022979736328,0.99897301197052
194,320.3153381347656,124.18888092041016,0.9978261590003967,323.2007141113281,177.8444366455078,0.9997581839561462,322.4564514160156,236.2444610595703,0.998757004737854
195,320.18414306640625,124.22608947753906,0.9975194334983826,322.96826171875,177.8444366455078,0.99978107213974,322.4564514160156,236.2266387939453,0.9986318945884705
196,320.0318298339844,124.27564239501953,0.9976160526275635,322.5663146972656,177.8444366455078,0.99980229139328,322.4564514160156,236.2266387939453,0.9986066222190857
197,320.0318298339844,124.28652954101562,0.997778594493866,322.4967346191406,177.87625122070312,0.9997836947441101,322.6832275390625,236.2096710205078,0.9985911250114441
198,320.18414306640625,124.518310546875,0.9972959160804749,322.41265869140625,178.21510314941406,0.9997361302375793,322.54669189453125,236.2266387939453,0.9987384676933289
199,320.18414306640625,124.58231353759766,0.9979002475738525,322.2320861816406,178.52317810058594,0.9997976422309875,322.54669189453125,236.2266387939453,0.9985091090202332
200,320.3707275390625,124.63036346435547,0.9978930354118347,322.2320861816406,178.5614471435547,0.9998127818107605,322.5183410644531,236.33912658691406,0.9987292885780334
201,320.458251953125,124.66303253173828,0.9974924325942993,322.2836608886719,178.65003967285156,0.9998284578323364,322.5183410644531,236.33912658691406,0.9986860156059265
202,320.46563720703125,124.66303253173828,0.9982444047927856,322.2836608886719,178.78277587890625,0.9998233914375305,322.5183410644531,236.58184814453125,0.9986288547515869
203,320.6398010253906,124.66303253173828,0.9980626702308655,322.75323486328125,178.80259704589844,0.9998455047607422,322.5183410644531,236.58184814453125,0.9987493753433228
204,320.88885498046875,124.65602111816406,0.9980762004852295,323.1106872558594,178.8452606201172,0.9998763799667358,322.8022155761719,236.6605682373047,0.9988842606544495
205,321.1645812988281,124.42302703857422,0.9984026551246643,323.6142883300781,179.01795959472656,0.9998592138290405,322.9552001953125,236.6605682373047,0.9988207221031189
206,321.1889343261719,124.3997802734375,0.9984201192855835,323.6287536621094,179.06556701660156,0.9998317956924438,323.0277404785156,236.6605682373047,0.9989987015724182
207,321.20843505859375,124.3997802734375,0.9986546039581299,323.68499755859375,179.1759490966797,0.9998515844345093,323.1598205566406,236.76637268066406,0.998960018157959
208,321.22509765625,124.3997802734375,0.9984980821609497,323.78515625,179.1759490966797,0.9998452663421631,323.0277404785156,236.76637268066406,0.9990071654319763
209,321.2364807128906,124.4466552734375,0.9985960125923157,323.7879943847656,179.1759490966797,0.9998418092727661,323.1598205566406,236.68939208984375,0.9990409016609192
210,321.2364807128906,124.4466552734375,0.9983458518981934,323.8419494628906,178.84898376464844,0.9998302459716797,323.1598205566406,236.68939208984375,0.99896240234375
211,321.2364807128906,124.4466552734375,0.998359739780426,324.0841064453125,178.80361938476562,0.9998199343681335,323.2309875488281,236.52320861816406,0.998930037021637
212,321.36260986328125,124.27818298339844,0.9983829259872437,324.14447021484375,178.3607177734375,0.9998093247413635,323.1463928222656,236.4906463623047,0.9989866614341736
213,321.67608642578125,124.0018310546875,0.9986655712127686,324.236328125,178.2231903076172,0.9998067021369934,323.36737060546875,236.35682678222656,0.9989401698112488
214,321.67608642578125,124.0018310546875,0.9987066984176636,324.3828125,178.0301513671875,0.9998156428337097,323.3818359375,236.09539794921875,0.9988771080970764
215,321.67608642578125,123.94595336914062,0.998706579208374,324.4331970214844,178.0301513671875,0.9998183846473694,324.25457763671875,236.09120178222656,0.9987140893936157
216,321.45989990234375,123.94595336914062,0.9985968470573425,324.3828125,178.0301513671875,0.9997281432151794,324.6726989746094,235.5487518310547,0.9986847043037415
217,321.45989990234375,124.00481414794922,0.9987024068832397,324.3828125,178.4539794921875,0.9997723698616028,324.6726989746094,235.5487518310547,0.9987230896949768
218,321.45989990234375,124.17266082763672,0.9985546469688416,324.3724060058594,178.73548889160156,0.9997650980949402,324.25457763671875,235.5487518310547,0.9987024068832397
219,321.45989990234375,124.26868438720703,0.9988263249397278,324.093017578125,178.96839904785156,0.9998189806938171,323.9000549316406,236.0503692626953,0.9989475607872009
220,321.15545654296875,124.35662078857422,0.99868243932724,323.74395751953125,179.0029296875,0.99985671043396,323.56036376953125,236.1835174560547,0.9989449381828308
221,321.1379089355469,124.53299713134766,0.9984931945800781,323.625,179.0029296875,0.9998452663421631,323.14813232421875,236.3297882080078,0.9989533424377441
222,320.5523681640625,124.53299713134766,0.9981772899627686,322.82080078125,179.12173461914062,0.9998538494110107,322.5207824707031,236.69143676757812,0.9989963173866272
223,320.5400085449219,124.53299713134766,0.9979135394096375,322.61810302734375,179.12173461914062,0.9998167157173157,322.50421142578125,236.81414794921875,0.9988848567008972
224,320.37786865234375,124.41108703613281,0.9980084300041199,322.4548034667969,178.98085021972656,0.9997828602790833,322.38604736328125,236.9039764404297,0.9989401698112488
225,320.3107604980469,124.41108703613281,0.998146653175354,322.2525329589844,178.6254119873047,0.9998373985290527,321.8324890136719,236.81414794921875,0.9988632202148438
226,320.0135192871094,124.41108703613281,0.9976170063018799,321.57147216796875,178.6254119873047,0.9998075366020203,321.7121887207031,236.96351623535156,0.9988579750061035
227,319.90838623046875,124.50273132324219,0.9975447058677673,321.4879150390625,178.6254119873047,0.9998020529747009,321.7121887207031,237.25289916992188,0.9986422657966614
228,319.7708740234375,124.55528259277344,0.9975987076759338,321.0377197265625,179.14024353027344,0.999885082244873,321.82305908203125,237.47702026367188,0.9985530972480774
229,319.66461181640625,124.65253448486328,0.9975923895835876,320.6761474609375,179.14024353027344,0.9998792409896851,321.8324890136719,237.47702026367188,0.9985230565071106
230,319.5212097167969,124.65253448486328,0.9971628785133362,320.6116943359375,179.14024353027344,0.9998815059661865,321.82305908203125,237.47702026367188,0.9984514713287354
231,319.4070129394531,124.65253448486328,0.9972875118255615,320.4638366699219,179.1509552001953,0.9998705387115479,321.8252868652344,237.35877990722656,0.9984921216964722
232,319.3591003417969,124.66142272949219,0.9972454309463501,320.25323486328125,179.1509552001953,0.9998350143432617,321.8252868652344,236.89096069335938,0.9984278678894043
233,319.21600341796875,124.7673568725586,0.9968326687812805,320.2161560058594,179.1509552001953,0.9998599290847778,321.8252868652344,236.7534637451172,0.9985007047653198
234,319.095947265625,124.86576843261719,0.9967576861381531,320.2161560058594,179.3319549560547,0.9998461008071899,321.8252868652344,236.7534637451172,0.9985764026641846
235,318.9163513183594,124.91844177246094,0.9969242215156555,320.25323486328125,179.43040466308594,0.9998455047607422,321.9590759277344,236.7534637451172,0.998439371585846
236,318.9163513183594,125.13101959228516,0.9966187477111816,320.20416259765625,179.74490356445312,0.9998729228973389,321.9590759277344,237.1939697265625,0.9985199570655823
237,318.89544677734375,125.15413665771484,0.9963884353637695,320.20416259765625,180.22715759277344,0.9998776912689209,321.9590759277344,237.9807891845703,0.9988239407539368
238,318.89544677734375,125.17427825927734,0.9969139099121094,320.2904052734375,180.3191680908203,0.9998555183410645,321.9590759277344,237.9807891845703,0.9985412359237671
239,318.9857177734375,125.18701171875,0.9965887069702148,320.31256103515625,180.3407745361328,0.9998681545257568,322.0264587402344,237.9807891845703,0.9986209869384766
240,319.05706787109375,125.27911376953125,0.9969402551651001,321.01611328125,180.60511779785156,0.9998788833618164,322.0264587402344,237.5381622314453,0.9987819790840149
241,319.1241760253906,125.28087615966797,0.9968380928039551,321.0785827636719,181.06373596191406,0.999862551689148,322.1278381347656,237.4366455078125,0.9988808035850525
242,319.1907653808594,125.28087615966797,0.996728777885437,321.25555419921875,181.14527893066406,0.9998776912689209,322.25689697265625,237.38235473632812,0.9987840056419373
243,319.477294921875,125.3508071899414,0.9972645044326782,321.5960388183594,181.14527893066406,0.9998626708984375,322.7676086425781,237.4366455078125,0.9987125396728516
244,319.508056640625,125.4076156616211,0.9972915053367615,322.145751953125,181.06373596191406,0.9998832941055298,322.7766418457031,237.4366455078125,0.9982690811157227
245,319.508056640625,125.47559356689453,0.9972637891769409,322.18914794921875,180.44813537597656,0.9998878240585327,322.8826904296875,237.4853057861328,0.9986275434494019
246,319.508056640625,125.47559356689453,0.9975050091743469,322.24200439453125,180.44813537597656,0.9998869895935059,322.8826904296875,237.61886596679688,0.9986633062362671
247,319.5685119628906,125.47559356689453,0.9974853992462158,322.3432922363281,180.44813537597656,0.9998912811279297,322.8826904296875,237.7881622314453,0.9988079071044922
248,319.5828552246094,125.29869842529297,0.9975674152374268,322.24200439453125,180.45455932617188,0.9999005794525146,322.90338134765625,237.7881622314453,0.9988436698913574
249,319.5835266113281,125.29869842529297,0.9975735545158386,322.24200439453125,180.63482666015625,0.9998841285705566,322.90338134765625,238.1248321533203,0.9988155364990234
250,319.99749755859375,125.29869842529297,0.997840166091919,322.3432922363281,180.91014099121094,0.999873161315918,323.04522705078125,238.2448272705078,0.9984689354896545
251,320.0029602050781,125.35513305664062,0.9978430271148682,322.5858154296875,181.58865356445312,0.9998714923858643,323.46533203125,238.3017120361328,0.9988037347793579
252,320.6511535644531,125.49156188964844,0.9980502128601074,322.62249755859375,181.90435791015625,0.9998664855957031,323.46533203125,238.487060546875,0.9988943934440613
253,320.6511535644531,125.49156188964844,0.9981337189674377,322.62249755859375,181.9424285888672,0.9998767375946045,323.3687438964844,238.78982543945312,0.9990379810333252
254,320.90838623046875,125.56331634521484,0.9981032609939575,322.64300537109375,182.11590576171875,0.9998763799667358,323.3687438964844,238.95257568359375,0.9990227222442627
255,320.90838623046875,125.56331634521484,0.9981107711791992,322.62249755859375,182.0125274658203,0.9998773336410522,323.20086669921875,238.97642517089844,0.9991299510002136
256,320.7694091796875,125.60645294189453,0.9980579018592834,322.29132080078125,182.11590576171875,0.9998713731765747,322.6864318847656,239.26820373535156,0.9990566372871399
257,320.5814514160156,125.6709976196289,0.9982680082321167,322.2773742675781,182.1907958984375,0.9998903274536133,322.55987548828125,239.2978515625,0.9991785883903503
258,320.4459533691406,125.97660827636719,0.9977633953094482,321.5162658691406,182.25637817382812,0.9998828172683716,321.26715087890625,239.6902618408203,0.999218225479126
259,319.9212341308594,126.09546661376953,0.9976297616958618,321.4410095214844,182.25836181640625,0.9998805522918701,320.44000244140625,239.9753875732422,0.9992283582687378
260,318.1636657714844,127.84603881835938,0.9960575103759766,321.0197448730469,182.98138427734375,0.9998086094856262,320.43853759765625,240.73260498046875,0.9992873072624207
261,318.0237731933594,127.85733795166016,0.9966762065887451,320.3280334472656,183.80104064941406,0.9997631907463074,319.9471130371094,241.63404846191406,0.9993744492530823
262,317.38897705078125,127.95420837402344,0.9976643323898315,320.231201171875,184.85366821289062,0.9996424913406372,319.66650390625,242.3900146484375,0.9994341731071472
263,316.6244201660156,128.69261169433594,0.9987162351608276,319.7052307128906,185.65255737304688,0.9995406866073608,319.1568908691406,243.3304443359375,0.9995759129524231
264,315.4350280761719,130.35411071777344,0.9992560744285583,316.4071350097656,187.1078643798828,0.9985508322715759,317.8094482421875,244.09742736816406,0.9994038343429565
265,314.5648498535156,132.04190063476562,0.9993762373924255,315.3929138183594,190.39443969726562,0.9977982044219971,315.41107177734375,246.5469207763672,0.9992127418518066
266,313.9541320800781,133.7998046875,0.9994496703147888,313.76861572265625,191.34957885742188,0.9987912774085999,312.48101806640625,247.39605712890625,0.9989956021308899
267,311.43841552734375,136.4383544921875,0.9992663264274597,312.9730224609375,191.86538696289062,0.9993695616722107,309.9421081542969,249.83245849609375,0.9987951517105103
268,311.0736999511719,138.37828063964844,0.999126136302948,312.0975341796875,195.26516723632812,0.999618649482727,309.7325134277344,250.44692993164062,0.9985730648040771
269,308.0008544921875,140.76318359375,0.9979100823402405,309.055419921875,197.59188842773438,0.9998575448989868,306.6091613769531,254.1078643798828,0.9990411400794983
270,307.03924560546875,141.48321533203125,0.9984304308891296,307.884765625,199.2309112548828,0.9997541308403015,306.35186767578125,256.7339172363281,0.9994327425956726
271,304.7215270996094,144.25982666015625,0.9985431432723999,305.3077697753906,201.79803466796875,0.9995726943016052,305.21282958984375,259.6056213378906,0.9994677901268005
272,303.84521484375,147.19984436035156,0.9994637370109558,303.8361511230469,203.23757934570312,0.9995182752609253,304.03192138671875,260.9061584472656,0.9995529055595398
273,302.56280517578125,150.03335571289062,0.9995121955871582,303.780029296875,205.0472869873047,0.9995239973068237,303.9218444824219,262.32989501953125,0.9990787506103516
274,301.1160583496094,150.70199584960938,0.999622106552124,302.0709228515625,206.8165740966797,0.9987834095954895,302.9027404785156,263.3536071777344,0.9979627132415771
275,300.04388427734375,153.1491241455078,0.9991461038589478,301.04693603515625,209.45118713378906,0.9995367527008057,302.4476013183594,266.81243896484375,0.9934444427490234
276,299.84716796875,155.74205017089844,0.9957314133644104,299.456298828125,211.89573669433594,0.9998156428337097,301.2915954589844,269.2072448730469,0.997273862361908
277,298.6526794433594,155.94639587402344,0.9959949254989624,299.0308837890625,213.9567108154297,0.9997541308403015,301.039794921875,271.6932067871094,0.9989408850669861
278,298.3800354003906,157.5858917236328,0.9956448078155518,297.709228515625,216.652099609375,0.9994856119155884,300.6787414550781,274.5398864746094,0.999028205871582
279,296.8783874511719,161.09210205078125,0.9979745745658875,295.2281188964844,217.50726318359375,0.9987127780914307,299.5830993652344,276.8074951171875,0.9989105463027954
280,296.6202087402344,162.6162872314453,0.9989948868751526,294.36785888671875,218.9918975830078,0.9993793964385986,299.48291015625,279.7257995605469,0.9977624416351318
281,293.6578063964844,166.11077880859375,0.9998136162757874,294.36785888671875,221.671630859375,0.9993589520454407,299.48291015625,282.05889892578125,0.9961757659912109
282,293.6578063964844,168.76568603515625,0.9997736811637878,294.36785888671875,222.05799865722656,0.9994375109672546,299.48291015625,282.9200439453125,0.9956594109535217
283,293.6578063964844,170.2369384765625,0.9996047616004944,294.867919921875,223.0378875732422,0.9995204210281372,297.842529296875,283.576171875,0.9946373105049133
284,294.013427734375,171.21511840820312,0.9993483424186707,294.867919921875,224.5023193359375,0.9997292160987854,296.3253479003906,284.7059631347656,0.9967169165611267
285,294.47052001953125,171.41140747070312,0.9984378218650818,294.867919921875,227.1690673828125,0.9998300075531006,296.2132873535156,284.72735595703125,0.9970358610153198
286,294.47052001953125,171.94740295410156,0.99849534034729,294.675048828125,227.6576385498047,0.9998216032981873,296.2132873535156,285.6451721191406,0.9987956285476685
287,294.47052001953125,172.50399780273438,0.9982966780662537,293.97052001953125,230.06715393066406,0.999823272228241,296.3253479003906,287.39349365234375,0.997998058795929
288,294.1103515625,173.83827209472656,0.998532772064209,293.6600646972656,230.43338012695312,0.9998549222946167,297.6105041503906,287.9294738769531,0.9986388087272644
289,292.53057861328125,176.4173126220703,0.9988995790481567,293.4255676269531,232.0011749267578,0.9997287392616272,297.6105041503906,289.17120361328125,0.9988675117492676
290,290.23236083984375,177.44032287597656,0.9993444085121155,292.8907470703125,232.92477416992188,0.9996179342269897,297.6105041503906,290.0835266113281,0.9991577863693237
291,290.0210876464844,177.86300659179688,0.9994097948074341,292.14154052734375,233.82882690429688,0.9995546936988831,297.14385986328125,291.3437194824219,0.9986094236373901
292,289.8768310546875,178.5194854736328,0.9996377229690552,291.23797607421875,234.14491271972656,0.9996212720870972,295.7712097167969,291.36688232421875,0.9986022114753723
293,288.7229919433594,179.0731964111328,0.9996788501739502,290.8286437988281,234.69189453125,0.9996060729026794,295.70111083984375,292.0104064941406,0.9987655878067017
294,288.5343933105469,180.166259765625,0.9997109770774841,290.18438720703125,235.05142211914062,0.9996683597564697,295.3392639160156,292.1589660644531,0.9988810420036316
295,288.5343933105469,180.24981689453125,0.9996378421783447,290.0368957519531,235.1688690185547,0.9996601343154907,293.7730407714844,292.21466064453125,0.9994760155677795
296,288.5343933105469,180.24981689453125,0.9996848106384277,289.68798828125,235.29588317871094,0.9997064471244812,293.6476745605469,292.2700500488281,0.9993894100189209
297,288.64739990234375,180.24981689453125,0.9997281432151794,289.68798828125,235.3499755859375,0.9996254444122314,293.6476745605469,292.2700500488281,0.9993859529495239
298,288.6661071777344,179.97264099121094,0.9997121691703796,289.9145812988281,235.29931640625,0.9997299313545227,293.4998474121094,292.21466064453125,0.9995673298835754
299,288.6661071777344,179.73348999023438,0.9997368454933167,289.9145812988281,235.29931640625,0.9996985197067261,292.89208984375,292.0478820800781,0.999163031578064
300,288.6661071777344,179.0525665283203,0.9994826316833496,289.4959716796875,235.29931640625,0.9996224641799927,292.89208984375,291.99530029296875,0.9996973276138306
301,288.640625,178.66653442382812,0.9991381168365479,289.590576171875,235.29931640625,0.9996026158332825,293.0932922363281,291.9243469238281,0.9997010827064514
302,288.640625,178.4170684814453,0.9993715882301331,289.590576171875,234.788330078125,0.9994906187057495,293.0932922363281,291.76708984375,0.999669075012207
303,288.5414733886719,178.34756469726562,0.9993453621864319,289.590576171875,234.69720458984375,0.9996374845504761,293.0932922363281,291.67822265625,0.9996132254600525
304,288.5414733886719,178.34756469726562,0.9994720816612244,289.6162109375,234.58042907714844,0.9996352195739746,293.0932922363281,291.6270446777344,0.9995924830436707
305,288.6124267578125,178.19326782226562,0.9993539452552795,289.7273864746094,234.58042907714844,0.9996440410614014,293.1298828125,291.6270446777344,0.9996262788772583
306,288.5403137207031,177.94984436035156,0.9991057515144348,289.77813720703125,234.47463989257812,0.9995852112770081,293.1298828125,291.6270446777344,0.9996471405029297
307,288.5403137207031,177.80194091796875,0.9991884827613831,289.84307861328125,234.25839233398438,0.9995679259300232,293.1298828125,291.5456848144531,0.9995993971824646
308,288.6124267578125,177.77024841308594,0.9991323351860046,290.40399169921875,234.18153381347656,0.9996069073677063,293.1298828125,291.5216979980469,0.999575674533844
309,289.5033874511719,177.6128387451172,0.9991152882575989,290.40875244140625,234.01759338378906,0.9995681643486023,293.1298828125,291.3161315917969,0.999481737613678
310,289.538330078125,177.6128387451172,0.9991033673286438,290.4091491699219,234.01759338378906,0.9995399713516235,293.45330810546875,291.11932373046875,0.9996156692504883
311,290.2466735839844,177.6128387451172,0.9993317723274231,290.6754455566406,234.01759338378906,0.999535322189331,293.8911437988281,291.11932373046875,0.9996083378791809
312,290.2466735839844,178.46861267089844,0.9995452761650085,291.50897216796875,234.15142822265625,0.9995098114013672,295.8502502441406,291.0242919921875,0.999211311340332
313,289.538330078125,178.46861267089844,0.9996662139892578,291.50897216796875,234.15142822265625,0.9995243549346924,295.8502502441406,291.0141296386719,0.999077320098877
314,288.9593811035156,178.46861267089844,0.9994959831237793,291.6184387207031,234.15142822265625,0.9993863105773926,295.8502502441406,290.6446228027344,0.9991024732589722
315,288.8472900390625,178.46861267089844,0.9994945526123047,291.5971374511719,233.97439575195312,0.999479353427887,295.8193054199219,290.6445007324219,0.9993280172348022
316,288.8472900390625,178.07540893554688,0.9994122982025146,291.5971374511719,233.97439575195312,0.9994437098503113,295.8193054199219,290.64111328125,0.9990994930267334
317,288.8472900390625,178.05931091308594,0.9993751645088196,291.6784362792969,233.96469116210938,0.9995075464248657,295.8193054199219,290.4423828125,0.9991080164909363
318,289.4284362792969,178.05178833007812,0.9994860887527466,292.26763916015625,233.96469116210938,0.99957674741745,297.5885314941406,290.3963928222656,0.9992475509643555
319,290.3193054199219,177.9191131591797,0.9995878338813782,293.23150634765625,233.53221130371094,0.9995168447494507,297.7000732421875,290.2939147949219,0.9992544054985046
320,290.9051513671875,177.48779296875,0.9993321299552917,293.2818603515625,233.49066162109375,0.9996174573898315,298.3416748046875,290.0652160644531,0.9992901086807251
321,291.0978088378906,177.44503784179688,0.9993473887443542,293.5556335449219,233.49066162109375,0.9993707537651062,298.4678955078125,289.9958801269531,0.999288022518158
322,291.6640625,177.40753173828125,0.9993714690208435,294.2861022949219,233.53207397460938,0.9993263483047485,298.49359130859375,289.9958801269531,0.9992805123329163
323,291.7665100097656,177.40753173828125,0.9991495609283447,294.2861022949219,233.53221130371094,0.9992801547050476,298.88934326171875,290.0652160644531,0.9992328882217407
324,292.2730407714844,177.40753173828125,0.9993842840194702,294.2861022949219,233.67091369628906,0.9993835687637329,298.9061279296875,290.7989196777344,0.9993829727172852
325,292.33465576171875,177.40753173828125,0.9993067979812622,293.9946594238281,233.7283935546875,0.9992573857307434,299.09881591796875,290.8709411621094,0.9993846416473389
326,292.743896484375,177.49444580078125,0.9994414448738098,293.9946594238281,233.7283935546875,0.9994625449180603,299.1540832519531,290.8709411621094,0.9993820190429688
327,292.7779846191406,177.49444580078125,0.9993584752082825,293.9946594238281,233.7283935546875,0.9992458820343018,299.2145690917969,290.7989196777344,0.9994169473648071
328,293.3824462890625,177.7340545654297,0.9993942975997925,294.4373779296875,233.58416748046875,0.9990794658660889,299.2218017578125,290.7631530761719,0.9993646740913391
329,293.9392395019531,177.49444580078125,0.9991834759712219,294.9944763183594,233.4654998779297,0.9991787075996399,299.3063659667969,290.7631530761719,0.999321460723877
330,294.23529052734375,177.3162078857422,0.9994450211524963,295.3700866699219,233.4538116455078,0.9990179538726807,299.6923828125,290.7171630859375,0.9992958307266235
331,294.4097595214844,177.2769317626953,0.9989281296730042,295.75494384765625,233.31214904785156,0.9992111921310425,299.7415466308594,290.7171630859375,0.9992313385009766
332,294.49346923828125,177.17921447753906,0.9988659620285034,295.9209899902344,233.0441131591797,0.9992029070854187,299.9134521484375,290.7809143066406,0.9992741942405701
333,294.552734375,177.17921447753906,0.9983248114585876,295.9209899902344,233.0441131591797,0.9988967180252075,300.1026306152344,290.78826904296875,0.9993277788162231
334,294.56573486328125,177.05238342285156,0.9982996582984924,296.0225524902344,233.0441131591797,0.9989666938781738,300.38018798828125,290.8813171386719,0.9992652535438538
335,295.06182861328125,176.6622314453125,0.998582124710083,296.24609375,233.2683563232422,0.9989926218986511,300.46466064453125,290.8968505859375,0.999339759349823
336,295.9202880859375,176.6622314453125,0.9971599578857422,296.4917907714844,233.2683563232422,0.999096155166626,300.62005615234375,290.8968505859375,0.9991705417633057
337,295.9539794921875,176.47523498535156,0.9967316389083862,297.28662109375,233.9662322998047,0.9989874958992004,300.63873291015625,290.8968505859375,0.9991865754127502
338,296.02569580078125,176.3850860595703,0.9969383478164673,297.3767395019531,234.029296875,0.9990930557250977,300.7420959472656,290.8968505859375,0.999139666557312
339,296.02569580078125,176.3850860595703,0.997088611125946,297.4285888671875,234.029296875,0.9990266561508179,300.7420959472656,290.9211120605469,0.9991515874862671
340,295.9539794921875,176.47523498535156,0.997226893901825,297.4285888671875,234.029296875,0.9989681243896484,300.826904296875,290.9281921386719,0.9992465972900391
341,295.9495544433594,176.57901000976562,0.997660756111145,297.4285888671875,234.26499938964844,0.9990977048873901,301.1024475097656,290.9435119628906,0.999221920967102
342,295.7650451660156,176.58929443359375,0.9981744289398193,297.3369140625,234.26499938964844,0.9987999200820923,301.1024475097656,291.0500793457031,0.999194324016571
343,295.6841735839844,176.59715270996094,0.9979623556137085,297.3062744140625,234.30523681640625,0.998786985874176,301.1348571777344,291.1322937011719,0.9992521405220032
344,295.62335205078125,176.59715270996094,0.9981194138526917,297.2809753417969,234.30523681640625,0.9987474679946899,301.1348571777344,291.41888427734375,0.9992995262145996
345,295.62335205078125,176.74795532226562,0.9978998899459839,297.2809753417969,234.30523681640625,0.9988510608673096,301.2156677246094,291.5645446777344,0.9992839694023132
346,295.5168762207031,176.90707397460938,0.9983036518096924,297.2809753417969,234.30523681640625,0.9986715316772461,301.3013000488281,291.5645446777344,0.9992392063140869
347,295.49462890625,176.9882049560547,0.9984619617462158,297.2809753417969,234.30523681640625,0.9987080097198486,301.3013000488281,291.5645446777344,0.9992532134056091
348,295.3828125,177.09793090820312,0.9983737468719482,297.4398193359375,234.42311096191406,0.9985498785972595,301.345458984375,291.4318542480469,0.9993323683738708
349,295.3828125,177.14907836914062,0.9983515739440918,297.4398193359375,234.42311096191406,0.9983735084533691,301.3869323730469,291.35888671875,0.9992865920066833
350,295.3828125,177.1495361328125,0.9984081387519836,297.77587890625,234.65687561035156,0.9985666871070862,301.56683349609375,291.3246154785156,0.9992689490318298
351,295.29827880859375,177.1495361328125,0.9984684586524963,296.77294921875,233.5929412841797,0.9983662962913513,301.5809020996094,291.35888671875,0.9992600083351135
352,295.3828125,177.3904571533203,0.9988872408866882,296.77294921875,233.5929412841797,0.9984612464904785,302.5186462402344,291.36865234375,0.9992642998695374
353,295.2680969238281,177.44471740722656,0.9986997842788696,296.45892333984375,233.42242431640625,0.9985784292221069,302.5633850097656,291.36865234375,0.999311089515686
354,295.2669677734375,177.44471740722656,0.9986295700073242,296.42059326171875,233.30860900878906,0.9987096786499023,302.5633850097656,291.36865234375,0.9992801547050476
355,295.22943115234375,177.4413604736328,0.9987000226974487,296.42059326171875,233.30860900878906,0.99869304895401,302.5633850097656,291.36865234375,0.9992978572845459
356,295.1661682128906,177.4413604736328,0.9987885355949402,296.42059326171875,233.30860900878906,0.9987980127334595,302.4682922363281,291.1881103515625,0.9992558360099792
357,294.9224853515625,177.3033905029297,0.9985154271125793,297.3646240234375,233.74319458007812,0.9988948702812195,301.0718994140625,290.99261474609375,0.9992712140083313
358,294.9224853515625,177.23606872558594,0.998710036277771,297.55303955078125,233.74319458007812,0.9991064667701721,301.0718994140625,290.7895812988281,0.9993172883987427
359,294.9224853515625,176.79859924316406,0.9981507658958435,297.7179870605469,233.74319458007812,0.9991624355316162,301.0718994140625,290.58984375,0.9993507266044617
360,297.37615966796875,174.2902374267578,0.9952312111854553,298.5846252441406,232.79432678222656,0.9994403719902039,301.7703552246094,289.0856628417969,0.9991909861564636
361,298.63885498046875,173.0421905517578,0.9955423474311829,299.86810302734375,231.3410186767578,0.9996790885925293,302.8900451660156,287.9034423828125,0.9987121820449829
362,301.1481628417969,171.57554626464844,0.9960578680038452,301.1167907714844,229.15208435058594,0.9998196959495544,303.764404296875,287.7970886230469,0.9978871941566467
363,302.2183532714844,170.85833740234375,0.9977401494979858,301.9618225097656,227.04843139648438,0.9997619986534119,304.73779296875,286.5310974121094,0.9975799322128296
364,302.3671569824219,169.6280975341797,0.9991135001182556,304.5885009765625,225.43759155273438,0.9998149275779724,307.2724304199219,286.2302551269531,0.9975610971450806
365,302.4891662597656,168.19505310058594,0.9995036125183105,305.1210021972656,222.67018127441406,0.9994601607322693,307.48101806640625,283.1228332519531,0.9979410767555237
366,303.6596374511719,166.87014770507812,0.9996896982192993,306.0520935058594,221.5951385498047,0.999606192111969,307.6152648925781,280.5954284667969,0.9987788796424866
367,306.2170104980469,163.52146911621094,0.9997429251670837,306.17718505859375,219.371826171875,0.9996247291564941,308.8160705566406,277.8890686035156,0.9990832805633545
368,309.8704833984375,158.96408081054688,0.9987596273422241,308.3887634277344,217.14950561523438,0.9996639490127563,309.8573913574219,276.8117370605469,0.99839848279953
369,311.6204833984375,157.03582763671875,0.998521625995636,310.32177734375,213.73077392578125,0.999845027923584,310.0912780761719,272.39678955078125,0.9977754950523376
370,311.9198303222656,155.21505737304688,0.9973421692848206,311.8493347167969,210.57981872558594,0.9998466968536377,310.923828125,271.86767578125,0.9991530179977417
371,312.0592956542969,151.67141723632812,0.9992009997367859,312.9227600097656,206.8887481689453,0.9968655705451965,312.1595153808594,262.7315979003906,0.9984283447265625
372,312.3070983886719,148.85191345214844,0.9990338087081909,314.5533752441406,203.69058227539062,0.9979496598243713,315.4735107421875,258.62847900390625,0.999349057674408
373,314.65167236328125,145.36619567871094,0.9988258481025696,318.7994689941406,200.6268768310547,0.9996250867843628,317.4876708984375,255.17459106445312,0.9980362057685852
374,315.5607604980469,142.55433654785156,0.9956185221672058,320.5215759277344,196.6822052001953,0.9999071359634399,319.64105224609375,250.6886444091797,0.9970557689666748
375,316.6963806152344,137.78024291992188,0.9987486600875854,320.6333923339844,191.63909912109375,0.9995204210281372,320.843017578125,246.7634735107422,0.9992727637290955
376,318.3680419921875,135.17376708984375,0.9995378255844116,321.0025939941406,189.18893432617188,0.9995086193084717,322.2603759765625,245.1084747314453,0.999484658241272
377,319.6590270996094,132.5952911376953,0.9997231364250183,321.5915832519531,186.38873291015625,0.9997093081474304,322.34552001953125,243.2257080078125,0.9996016621589661
378,320.69940185546875,130.2145538330078,0.9994475245475769,324.2984619140625,184.04913330078125,0.9997442364692688,324.5528869628906,239.92196655273438,0.9987742304801941
379,322.0413513183594,126.75303649902344,0.9984161853790283,325.1711120605469,180.80520629882812,0.9998817443847656,325.34906005859375,239.29656982421875,0.9990960359573364
380,322.41510009765625,125.84979248046875,0.9987248778343201,326.01947021484375,179.9891815185547,0.999812662601471,325.761474609375,236.17843627929688,0.9976329803466797
381,324.4071350097656,125.56673431396484,0.9985712766647339,326.4400329589844,178.831787109375,0.9998445510864258,326.81854248046875,235.2239532470703,0.997286319732666
382,325.1611328125,124.99908447265625,0.9983886480331421,326.6064453125,178.831787109375,0.9997909665107727,326.81854248046875,235.2239532470703,0.9980986714363098
383,325.6625671386719,124.99908447265625,0.9980980753898621,327.01507568359375,178.831787109375,0.9996635913848877,326.81854248046875,235.2239532470703,0.9955618381500244
384,326.20684814453125,124.99908447265625,0.9983934760093689,327.48480224609375,179.3843536376953,0.9997716546058655,326.81854248046875,237.10879516601562,0.9989995360374451
385,326.3630676269531,125.29780578613281,0.9984210729598999,327.88104248046875,179.9889373779297,0.9997090697288513,327.5743713378906,238.32984924316406,0.9989930987358093
386,327.45062255859375,126.00022888183594,0.9977363348007202,329.1854553222656,181.61265563964844,0.999657154083252,327.5743713378906,238.9882354736328,0.9986423850059509
387,328.0808410644531,126.17057800292969,0.9976600408554077,329.622314453125,181.61265563964844,0.9996771812438965,327.6602478027344,238.9882354736328,0.9981039762496948
388,328.5118103027344,126.17057800292969,0.9972545504570007,329.63409423828125,181.61265563964844,0.9996477365493774,328.011474609375,238.9882354736328,0.9985318183898926
389,328.5583801269531,126.17057800292969,0.997051477432251,330.05548095703125,181.20281982421875,0.9996799230575562,328.011474609375,238.5819091796875,0.9976896047592163
390,328.69677734375,126.01349639892578,0.9970163106918335,330.2947692871094,181.1941680908203,0.9997325539588928,328.06884765625,238.5332794189453,0.9975554943084717
391,328.9096374511719,126.01349639892578,0.9965232610702515,330.5500183105469,181.1941680908203,0.9996932744979858,328.06884765625,238.4872589111328,0.9981629252433777
392,328.90972900390625,126.01349639892578,0.9973580241203308,330.6593322753906,181.20281982421875,0.9997219443321228,328.06884765625,238.4872589111328,0.9978216886520386
393,328.90972900390625,125.9925537109375,0.9966797828674316,330.69940185546875,181.20281982421875,0.9996764659881592,328.06884765625,238.4057159423828,0.997911274433136
394,329.0079345703125,126.06532287597656,0.9968211650848389,331.1917419433594,181.1941680908203,0.9997087121009827,330.7522888183594,238.11538696289062,0.9981610178947449
395,329.11309814453125,126.06532287597656,0.9972869157791138,331.2672119140625,181.16465759277344,0.9997112154960632,331.0887451171875,238.10780334472656,0.9978746175765991
396,329.19488525390625,126.06532287597656,0.9966213703155518,331.8576965332031,180.90097045898438,0.9997428059577942,331.0887451171875,238.10780334472656,0.9980992674827576
397,329.19488525390625,126.07815551757812,0.9960599541664124,332.2887268066406,180.90097045898438,0.9997515082359314,331.364501953125,238.10780334472656,0.9979074001312256
398,329.19488525390625,126.31487274169922,0.9973936080932617,332.2887268066406,180.90097045898438,0.9997572302818298,331.45709228515625,238.10780334472656,0.9980270266532898
399,329.1907043457031,126.39079284667969,0.9973799586296082,331.8576965332031,181.00323486328125,0.9997549653053284,331.45709228515625,238.10780334472656,0.9971840977668762
400,328.7359619140625,126.5174331665039,0.9977832436561584,331.8537902832031,181.19020080566406,0.9997658133506775,331.3499755859375,237.9174346923828,0.9975830316543579
401,328.7192077636719,126.58342742919922,0.9977327585220337,331.5191955566406,181.65008544921875,0.9997081160545349,331.3499755859375,237.86233520507812,0.998230516910553
402,328.423095703125,126.63545227050781,0.9978145360946655,330.77581787109375,181.7939453125,0.9996882677078247,331.3388977050781,237.9174346923828,0.9975053668022156
403,328.2618408203125,126.71637725830078,0.9978793859481812,330.1578674316406,182.2779998779297,0.9996851682662964,330.96466064453125,238.12908935546875,0.9975138902664185
404,328.2568359375,126.71637725830078,0.9977872371673584,329.9169921875,182.3177490234375,0.9995824694633484,330.6503601074219,238.12908935546875,0.997689962387085
405,328.2424011230469,126.74774169921875,0.9977778792381287,329.91314697265625,182.83438110351562,0.9996389150619507,330.2773742675781,238.41848754882812,0.9979268312454224
406,328.13531494140625,126.74774169921875,0.997879147529602,329.75286865234375,182.8696746826172,0.9995793700218201,330.23284912109375,238.4351348876953,0.9977485537528992
407,327.6479797363281,126.79287719726562,0.9979798197746277,329.73876953125,182.89503479003906,0.9996103644371033,330.2300109863281,238.4818115234375,0.9980402588844299
408,327.0118713378906,126.79287719726562,0.9984402060508728,329.5079345703125,183.36183166503906,0.9996023774147034,328.4521484375,238.59112548828125,0.9968401193618774
409,326.7651062011719,126.93627166748047,0.9982160925865173,329.3071594238281,183.36183166503906,0.999579131603241,328.128173828125,238.9762420654297,0.9974073767662048
410,326.7517395019531,126.93627166748047,0.9984006285667419,329.10589599609375,183.36183166503906,0.9995453953742981,328.0665283203125,238.98529052734375,0.9982746839523315
411,326.472412109375,126.93627166748047,0.9985357522964478,327.91937255859375,183.02365112304688,0.9994390606880188,327.9980773925781,238.98529052734375,0.9981111288070679
412,326.40850830078125,126.88172912597656,0.9986017346382141,327.6672058105469,182.7863006591797,0.999555766582489,327.9062194824219,238.9762420654297,0.998250424861908
413,326.0368957519531,126.78111267089844,0.9986646175384521,327.2887878417969,182.48484802246094,0.999596893787384,326.759521484375,238.98529052734375,0.9979566335678101
414,325.6097717285156,126.64631652832031,0.998736560344696,326.69903564453125,182.10726928710938,0.9997499585151672,326.759521484375,238.91207885742188,0.9983030557632446
415,325.23175048828125,126.31562805175781,0.9986905455589294,326.69903564453125,181.1459197998047,0.9998233914375305,326.6806640625,238.86962890625,0.9986016154289246
416,325.129150390625,126.28802490234375,0.9987679123878479,326.69903564453125,180.81297302246094,0.9998050332069397,326.61151123046875,238.91207885742188,0.9978442192077637
417,325.0475158691406,126.27033996582031,0.9985674619674683,326.69903564453125,180.75453186035156,0.999788224697113,326.5773620605469,238.89651489257812,0.9986259937286377
418,325.0475158691406,126.08118438720703,0.9986525177955627,326.80914306640625,180.7027130126953,0.9998096823692322,325.4467468261719,238.86962890625,0.9991563558578491
419,325.129150390625,126.08118438720703,0.9986485838890076,327.1042785644531,180.7027130126953,0.9998599290847778,325.4467468261719,238.62051391601562,0.9991341233253479
420,325.0475158691406,126.08118438720703,0.9984951019287109,326.80914306640625,180.75453186035156,0.9997870326042175,325.4467468261719,238.57760620117188,0.9985252022743225
421,325.0475158691406,126.08118438720703,0.9986650943756104,326.5379943847656,180.93284606933594,0.9997122883796692,325.33477783203125,238.57760620117188,0.9988910555839539
422,325.0182800292969,126.2240219116211,0.9988308548927307,326.3275146484375,181.37985229492188,0.9997976422309875,325.1603088378906,238.57760620117188,0.9988584518432617
423,325.0182800292969,126.66062927246094,0.9985702037811279,325.9884338378906,182.3949432373047,0.9998015761375427,325.1356506347656,239.10047912597656,0.9993475079536438
424,324.9285583496094,126.96917724609375,0.9986675977706909,325.97589111328125,182.51632690429688,0.9997536540031433,324.9930725097656,239.1526336669922,0.9992896318435669
425,324.9285583496094,127.00152587890625,0.9984307885169983,325.5209655761719,182.7761993408203,0.9997556805610657,324.960205078125,239.17495727539062,0.9992868304252625
426,322.9949951171875,128.00155639648438,0.9987311959266663,325.4847106933594,182.8107452392578,0.9998065829277039,324.960205078125,239.17495727539062,0.9993394017219543
427,322.9949951171875,128.06553649902344,0.9986191987991333,325.4847106933594,182.8345489501953,0.9997400641441345,324.9930725097656,239.17495727539062,0.9991734623908997
428,322.9949951171875,128.14755249023438,0.9985617995262146,325.4847106933594,182.8107452392578,0.9997678399085999,325.1715393066406,239.17495727539062,0.9991803765296936
429,323.0563659667969,128.14755249023438,0.9986704587936401,325.6161804199219,182.8345489501953,0.9997488856315613,325.197998046875,239.17495727539062,0.9993017911911011
430,323.12298583984375,128.1483154296875,0.9986147880554199,325.7191162109375,182.9051971435547,0.9997760653495789,325.28778076171875,239.3081512451172,0.9993414282798767
431,323.21307373046875,128.1483154296875,0.9986053109169006,325.7232971191406,183.02174377441406,0.999744713306427,325.28778076171875,239.50828552246094,0.9992863535881042
432,324.0943603515625,128.18080139160156,0.998418927192688,326.0444641113281,183.19886779785156,0.999722421169281,325.29461669921875,239.63339233398438,0.9993914365768433
433,324.0943603515625,129.28956604003906,0.9991900324821472,326.0444641113281,184.0474853515625,0.9995715022087097,325.28778076171875,240.4645233154297,0.9994866847991943
434,324.0943603515625,130.19601440429688,0.9995502829551697,326.0444641113281,184.31503295898438,0.9995622038841248,325.28778076171875,241.2228240966797,0.9995825886726379
435,323.9559631347656,130.58926391601562,0.9996726512908936,326.0203552246094,184.8900146484375,0.999479353427887,325.2294006347656,241.88186645507812,0.9996755123138428
436,323.2875061035156,131.88160705566406,0.9998328685760498,325.1353454589844,185.8966522216797,0.99936443567276,325.1828918457031,242.3138885498047,0.9996187686920166
437,323.0876159667969,133.23040771484375,0.9998620748519897,324.4787902832031,186.619384765625,0.999448835849762,324.66912841796875,244.04150390625,0.9996294975280762
438,322.63311767578125,134.491943359375,0.9998595714569092,324.4376525878906,187.86962890625,0.9995157718658447,324.5728454589844,244.26646423339844,0.9995694756507874
439,320.7378845214844,135.60873413085938,0.9997922778129578,323.4223327636719,189.7332305908203,0.9997270703315735,322.08929443359375,246.0236358642578,0.9997355341911316
440,320.02252197265625,137.67562866210938,0.9995198249816895,322.95208740234375,190.96408081054688,0.9996953010559082,321.9825744628906,246.7877655029297,0.9996904134750366
441,319.8931884765625,139.12847900390625,0.9988868832588196,322.609130859375,192.72369384765625,0.9998589754104614,320.58099365234375,248.3765411376953,0.9991405010223389
442,319.53045654296875,140.72483825683594,0.9973196387290955,321.54718017578125,194.54501342773438,0.9999121427536011,318.7662658691406,251.4667510986328,0.9977971315383911
443,317.6247863769531,140.95697021484375,0.9949355721473694,320.9321594238281,197.70382690429688,0.9998979568481445,318.69879150390625,254.58421325683594,0.998245120048523
444,315.51123046875,145.30101013183594,0.9988503456115723,319.4086608886719,200.64715576171875,0.9996953010559082,316.4679870605469,256.044189453125,0.9991151690483093
445,315.237548828125,147.62181091308594,0.9994745850563049,317.16357421875,202.59764099121094,0.9984656572341919,316.05712890625,259.3553466796875,0.9988547563552856
446,314.4634704589844,151.31362915039062,0.9994325041770935,315.3217468261719,206.1221923828125,0.9963008165359497,314.72430419921875,260.51690673828125,0.9988009929656982
447,313.4504699707031,153.35577392578125,0.9990493655204773,314.05328369140625,210.12242126464844,0.9997870326042175,311.1390380859375,266.7040100097656,0.9979386925697327
448,311.7364196777344,156.71200561523438,0.998717188835144,311.30157470703125,212.06097412109375,0.9998262524604797,310.77459716796875,269.65411376953125,0.9984074234962463
449,311.07037353515625,158.27877807617188,0.999081015586853,309.9569091796875,215.4779052734375,0.9997373223304749,309.6844787597656,275.4505615234375,0.9988569021224976
450,309.3621826171875,163.10794067382812,0.99981290102005,308.1199951171875,219.43980407714844,0.999671220779419,308.9747314453125,277.0922546386719,0.9992616772651672
451,305.509765625,165.98731994628906,0.9998396635055542,307.6671142578125,220.29891967773438,0.9994354844093323,308.8198547363281,279.5617370605469,0.9988620281219482
452,303.6194763183594,168.75717163085938,0.9996241331100464,305.9629211425781,222.90208435058594,0.9994019269943237,308.13995361328125,281.180908203125,0.9976845979690552
453,303.5895080566406,169.39036560058594,0.999160885810852,305.86602783203125,223.53790283203125,0.9997007846832275,305.5797424316406,283.4194641113281,0.997129499912262
454,303.361328125,169.46160888671875,0.9990704655647278,305.853271484375,223.6534423828125,0.9997497200965881,305.4588928222656,283.9912109375,0.997707724571228
455,302.28533935546875,171.5762939453125,0.997184693813324,303.7115478515625,228.5188446044922,0.9998918771743774,305.1607360839844,287.8934020996094,0.998189389705658
456,300.5821228027344,172.54983520507812,0.9952813982963562,302.45513916015625,230.18861389160156,0.999797523021698,304.9649353027344,287.9493408203125,0.9989050626754761
457,297.1807556152344,174.7567901611328,0.9948835968971252,299.2344970703125,232.09291076660156,0.9995666146278381,304.1780700683594,288.3622741699219,0.9991176724433899
458,296.427490234375,175.5160369873047,0.9960358738899231,298.3997497558594,232.61813354492188,0.9994451403617859,301.5441589355469,288.4712829589844,0.9988656044006348
459,295.85211181640625,176.68014526367188,0.9980685114860535,297.5159912109375,233.53872680664062,0.9991534948348999,301.4712829589844,290.00927734375,0.9991796612739563
460,295.1688537597656,177.6581268310547,0.9989093542098999,295.89910888671875,233.76060485839844,0.9985552430152893,300.7064514160156,290.686767578125,0.9993069171905518
461,292.8970947265625,178.54922485351562,0.9996730089187622,294.4068908691406,234.0327606201172,0.9990861415863037,300.1827392578125,291.4573059082031,0.9993135929107666
462,291.9823303222656,178.54922485351562,0.999716579914093,293.5859069824219,234.1181182861328,0.9993084669113159,299.5981140136719,291.4573059082031,0.9992109537124634
463,291.9593200683594,178.54922485351562,0.9996858835220337,293.0324401855469,234.34678649902344,0.9995918869972229,299.08013916015625,291.4573059082031,0.9992544054985046
464,291.7286071777344,178.23715209960938,0.9995564818382263,292.9246520996094,234.34678649902344,0.9994932413101196,298.4920349121094,291.4437561035156,0.9991108775138855
465,291.08489990234375,178.02154541015625,0.9996473789215088,292.4620666503906,234.34678649902344,0.9995525479316711,298.3962097167969,291.2725524902344,0.9991573095321655
466,291.08489990234375,177.92800903320312,0.999612033367157,292.4620666503906,234.33863830566406,0.9995766282081604,297.7225646972656,291.1728210449219,0.998914361000061
467,290.923583984375,177.92800903320312,0.9995951056480408,292.29937744140625,234.13523864746094,0.9996022582054138,297.22564697265625,290.8853759765625,0.9987887740135193
468,290.91192626953125,177.16644287109375,0.9993163347244263,292.0320739746094,233.93260192871094,0.999518632888794,295.4384460449219,289.8159484863281,0.9990866184234619
469,290.92022705078125,177.15121459960938,0.9993336796760559,292.2430725097656,233.93203735351562,0.9995312690734863,295.4002685546875,289.8159484863281,0.9990501999855042
470,290.923583984375,177.15121459960938,0.9992961883544922,292.29937744140625,233.74514770507812,0.999555766582489,295.4002685546875,289.8159484863281,0.9989786148071289
471,290.923583984375,177.16644287109375,0.99936443567276,292.29937744140625,233.74514770507812,0.999606192111969,295.38616943359375,289.8196105957031,0.999220609664917
472,290.9831237792969,177.40121459960938,0.9994169473648071,292.33563232421875,233.93203735351562,0.9995591044425964,295.21099853515625,289.89984130859375,0.9990621209144592
473,291.1963806152344,177.76321411132812,0.9994569420814514,292.33563232421875,234.2096405029297,0.9995693564414978,295.1802978515625,290.50244140625,0.9992921352386475
474,291.1963806152344,177.7693328857422,0.9994957447052002,292.33563232421875,234.30282592773438,0.9996590614318848,295.0501403808594,290.8315734863281,0.9993351101875305
475,291.1963806152344,177.79705810546875,0.9994381070137024,292.3235168457031,234.4212188720703,0.9995874762535095,295.0501403808594,290.8424377441406,0.999298095703125
476,290.51849365234375,177.8068389892578,0.9995719790458679,292.3235168457031,234.4212188720703,0.9996241331100464,295.0501403808594,290.8424377441406,0.9993544220924377
477,290.4183349609375,177.90151977539062,0.9995385408401489,292.3235168457031,234.30282592773438,0.9995586276054382,295.3465270996094,290.8424377441406,0.9992069602012634
478,290.4183349609375,178.0663604736328,0.9995144605636597,292.36004638671875,233.9496307373047,0.9995063543319702,295.7259826660156,290.56854248046875,0.9991425275802612
479,290.4183349609375,178.13467407226562,0.9995380640029907,292.57757568359375,233.9496307373047,0.9994751811027527,297.4186096191406,290.56854248046875,0.9991426467895508
480,290.59210205078125,178.14320373535156,0.9995859265327454,293.1925964355469,233.9496307373047,0.9994592070579529,298.2920837402344,290.56854248046875,0.9991926550865173
481,291.0513916015625,178.24440002441406,0.9995878338813782,293.2926025390625,233.9496307373047,0.9993906021118164,298.41534423828125,290.54638671875,0.9993278980255127
482,291.7561950683594,178.24440002441406,0.9996048808097839,293.5472717285156,233.9785919189453,0.9993594288825989,298.6748352050781,290.61846923828125,0.9993109703063965
483,291.7561950683594,178.4309539794922,0.9997029900550842,293.5857849121094,234.1534423828125,0.9992082715034485,298.74835205078125,290.6476135253906,0.9992827773094177
484,292.3656921386719,178.70181274414062,0.9996209144592285,293.81353759765625,234.21243286132812,0.9991338849067688,298.9414978027344,290.8652038574219,0.9992914199829102
485,293.5753479003906,178.880859375,0.9996604919433594,294.6116638183594,234.21243286132812,0.9990993738174438,299.4570617675781,291.2281799316406,0.9993035793304443
486,293.7743835449219,179.0749969482422,0.9996956586837769,294.8576965332031,234.21243286132812,0.9989308714866638,300.61016845703125,291.2688903808594,0.9993354678153992
487,294.4415588378906,179.0749969482422,0.9996417760848999,295.31494140625,234.1065216064453,0.998723566532135,301.0732116699219,291.28741455078125,0.9994063377380371
488,295.3271179199219,179.0749969482422,0.9993977546691895,295.8126525878906,234.1065216064453,0.9979799389839172,301.1728820800781,291.3685607910156,0.9993640780448914
489,295.81646728515625,179.04977416992188,0.9994959831237793,296.0644226074219,234.02964782714844,0.9980852603912354,301.617431640625,291.3721008300781,0.9994162321090698
490,296.2098693847656,178.79525756835938,0.999107301235199,296.2487487792969,234.02964782714844,0.9980010390281677,302.6336669921875,291.42095947265625,0.9993694424629211
491,296.6075439453125,178.589599609375,0.9985789060592651,296.3908386230469,234.18463134765625,0.9978728294372559,302.806884765625,291.54315185546875,0.9994303584098816
492,296.6379699707031,178.2154083251953,0.9986698627471924,296.725341796875,234.28143310546875,0.997728168964386,302.806884765625,291.54315185546875,0.9994058609008789
493,296.68756103515625,177.98023986816406,0.9987047910690308,296.8362121582031,234.28143310546875,0.9969444870948792,302.806884765625,291.54315185546875,0.9993342757225037
494,296.8622131347656,177.98023986816406,0.9986196756362915,297.0776672363281,234.30584716796875,0.9967854022979736,302.6271667480469,291.3749694824219,0.9994000196456909
495,297.1689453125,177.98023986816406,0.9987727999687195,297.09771728515625,234.37745666503906,0.9973462820053101,302.6271667480469,291.1258544921875,0.9994152784347534
496,297.59698486328125,178.28028869628906,0.9990572333335876,297.3326110839844,234.37745666503906,0.9973123073577881,302.6271667480469,291.04901123046875,0.9994091987609863
497,297.9512634277344,178.31326293945312,0.9990216493606567,297.3346252441406,234.4359893798828,0.9974744915962219,303.1163024902344,291.04901123046875,0.999474823474884
498,298.2396545410156,178.43466186523438,0.9990978240966797,298.2904357910156,235.67742919921875,0.9972478747367859,303.49725341796875,291.1258544921875,0.999531626701355
499,298.83966064453125,178.43466186523438,0.9991521835327148,298.9805603027344,236.38185119628906,0.9978554844856262,303.6330261230469,291.1365661621094,0.9995649456977844
500,299.3250732421875,178.43466186523438,0.9992566704750061,299.0340881347656,236.4068145751953,0.9977737069129944,303.8504638671875,291.2176513671875,0.999561607837677
501,299.3981628417969,177.9381561279297,0.9991732239723206,299.5124816894531,236.4068145751953,0.9980475902557373,303.8852233886719,291.2784118652344,0.9995853304862976
502,299.54132080078125,177.8424072265625,0.9991663694381714,300.44635009765625,236.4068145751953,0.9981616139411926,304.13836669921875,291.3392639160156,0.9996069073677063
503,299.78521728515625,177.82887268066406,0.9991433620452881,301.0733337402344,235.21714782714844,0.99839848279953,304.1766357421875,291.3857727050781,0.9995958209037781
504,301.062744140625,177.66976928710938,0.9987974166870117,302.0347595214844,235.1257781982422,0.9990894794464111,305.1490478515625,291.8445739746094,0.9996157884597778
505,301.062744140625,177.63536071777344,0.9988700747489929,302.0347595214844,234.9619140625,0.999099612236023,305.1490478515625,291.8445739746094,0.9996187686920166
506,301.062744140625,177.3479461669922,0.9989829659461975,302.0347595214844,234.94482421875,0.999157190322876,305.1490478515625,292.0489501953125,0.9996417760848999
507,301.0296325683594,177.3479461669922,0.9988669157028198,302.1611633300781,234.94482421875,0.9989235997200012,304.83563232421875,291.8445739746094,0.9996393918991089
508,300.69140625,177.29010009765625,0.9989446997642517,302.0779113769531,234.77529907226562,0.9988023042678833,304.826416015625,291.8445739746094,0.9996294975280762
509,300.4499816894531,177.24859619140625,0.9988723397254944,301.92620849609375,234.83668518066406,0.9989926218986511,304.70904541015625,291.8515625,0.9996504783630371
510,300.4499816894531,177.24307250976562,0.9988173842430115,301.92620849609375,234.83668518066406,0.9988012313842773,304.70904541015625,291.9263916015625,0.9996402263641357
511,300.4499816894531,177.24307250976562,0.9987599849700928,301.92620849609375,234.82447814941406,0.9987295269966125,304.4246520996094,291.8515625,0.9996358156204224
512,300.4024963378906,177.201171875,0.9987143278121948,301.5209045410156,234.82447814941406,0.9986134767532349,304.41339111328125,291.8515625,0.9996356964111328
513,300.4024963378906,177.06881713867188,0.998816967010498,301.502197265625,234.82447814941406,0.9984138011932373,304.3389587402344,291.7886962890625,0.9996058344841003
514,300.22552490234375,176.67913818359375,0.9985975623130798,301.502197265625,234.757080078125,0.9983384609222412,304.3389587402344,291.5900573730469,0.9995799660682678
515,300.22552490234375,176.2899932861328,0.9984415173530579,301.502197265625,234.18165588378906,0.9985802173614502,304.3389587402344,291.40692138671875,0.9995359182357788
516,300.22552490234375,176.1461639404297,0.9979501366615295,303.25384521484375,233.9256134033203,0.9993278980255127,304.7499694824219,290.4486083984375,0.9995805621147156
517,300.8959655761719,175.12864685058594,0.9969592094421387,303.63275146484375,233.1603240966797,0.9996500015258789,305.0400085449219,290.0711364746094,0.9995914101600647
518,303.3575439453125,174.14431762695312,0.9968734383583069,305.1829833984375,232.02145385742188,0.999813973903656,306.94744873046875,289.5151062011719,0.9995067119598389
519,304.7255859375,172.911376953125,0.9986131191253662,305.82977294921875,229.9757537841797,0.9999152421951294,307.3656921386719,289.3255615234375,0.9994470477104187
520,305.8252868652344,172.10757446289062,0.9987680315971375,307.2008056640625,228.10733032226562,0.9999415874481201,308.4802551269531,289.1666564941406,0.9986526966094971
521,306.44970703125,171.18521118164062,0.999596893787384,308.79071044921875,226.7042694091797,0.9999104738235474,309.2045593261719,287.24755859375,0.9975263476371765
522,307.53753662109375,169.60963439941406,0.9997913241386414,309.3697509765625,223.96783447265625,0.999834418296814,310.8361511230469,285.4211730957031,0.9939261078834534
523,309.10577392578125,167.73452758789062,0.9998200535774231,310.6796875,221.54148864746094,0.9995403289794922,312.8719482421875,282.27227783203125,0.9954532384872437
524,311.9376525878906,165.03146362304688,0.999574601650238,310.9874572753906,220.21890258789062,0.999241828918457,316.0706787109375,279.3293762207031,0.9978083968162537
525,313.98291015625,160.72232055664062,0.9989547729492188,312.1583251953125,218.40231323242188,0.9981824159622192,316.0706787109375,277.2275085449219,0.999147891998291
526,314.9989929199219,158.3391876220703,0.9954965114593506,315.5698547363281,217.10928344726562,0.9992490410804749,316.1683654785156,274.4344482421875,0.9994307160377502
527,317.01361083984375,155.99285888671875,0.9973620772361755,319.4554443359375,213.29541015625,0.9998432397842407,316.3044128417969,271.1874694824219,0.998958945274353
528,317.7864990234375,154.5476531982422,0.9985703229904175,320.3801574707031,210.9099578857422,0.999849796295166,317.9225769042969,270.22247314453125,0.9981852173805237
529,318.6561279296875,151.71397399902344,0.9995073080062866,321.97711181640625,206.98472595214844,0.9995515942573547,319.0797424316406,262.94805908203125,0.9992259740829468
530,319.4740905761719,149.5913543701172,0.99964439868927,322.2821044921875,204.1464080810547,0.9997075200080872,320.12542724609375,260.24871826171875,0.999631404876709
531,322.4879150390625,145.873046875,0.9995135068893433,324.94781494140625,201.07286071777344,0.9995999932289124,323.5401306152344,256.483154296875,0.9991812109947205
532,323.9006652832031,142.0886993408203,0.9986013770103455,327.4844970703125,195.9746856689453,0.9997888207435608,324.1631164550781,250.934814453125,0.9981437921524048
533,324.8467102050781,138.41529846191406,0.9995798468589783,328.36993408203125,193.3880615234375,0.999158501625061,328.18609619140625,247.51951599121094,0.9983623623847961
534,327.0318298339844,134.74497985839844,0.99956876039505,329.5729675292969,189.7084197998047,0.9974863529205322,329.837158203125,244.4512939453125,0.9992213249206543
535,330.4994201660156,130.86297607421875,0.9994413256645203,331.8968811035156,187.3016357421875,0.9984415173530579,331.66864013671875,242.41006469726562,0.9993677735328674
536,331.0788879394531,128.6187744140625,0.9988605976104736,334.5574951171875,183.74195861816406,0.9996438026428223,332.2616271972656,240.12893676757812,0.9992586970329285
537,332.4950256347656,126.93937683105469,0.9974297881126404,336.1785583496094,180.7578125,0.9998725652694702,334.4028625488281,238.1324462890625,0.9975698590278625
538,335.0992736816406,124.99931335449219,0.9977326393127441,338.03515625,178.487548828125,0.9998164772987366,335.01239013671875,236.71612548828125,0.9983830451965332
539,335.5770263671875,124.25164794921875,0.9977372884750366,338.18524169921875,178.487548828125,0.9996640682220459,336.11785888671875,236.09420776367188,0.9982849955558777
540,336.92919921875,124.02223205566406,0.9985008239746094,340.27215576171875,178.487548828125,0.9998311996459961,340.2240905761719,235.94674682617188,0.9988226294517517
541,338.3174743652344,124.02223205566406,0.9988331198692322,341.67962646484375,178.57681274414062,0.9997922778129578,340.6374206542969,235.94674682617188,0.9987521171569824
542,340.32525634765625,124.02223205566406,0.9988918900489807,342.1179504394531,178.9217071533203,0.9998185038566589,340.85247802734375,236.09420776367188,0.9987694621086121
543,341.89764404296875,124.11055755615234,0.9984673857688904,342.17913818359375,179.95494079589844,0.9998394250869751,341.2528381347656,236.5973663330078,0.9989845156669617
544,342.0587158203125,124.16857147216797,0.9983623623847961,342.2468566894531,180.05221557617188,0.9998096823692322,341.2528381347656,236.74224853515625,0.9988778233528137
545,343.28326416015625,124.83101654052734,0.9983751773834229,342.8121032714844,180.05221557617188,0.9996557235717773,341.3405456542969,238.40023803710938,0.9989944100379944
546,343.28326416015625,124.83101654052734,0.9982286095619202,342.9101257324219,180.05221557617188,0.9997051358222961,341.8731994628906,238.40023803710938,0.9989816546440125
547,343.34527587890625,124.83101654052734,0.9982550740242004,343.138427734375,180.63330078125,0.9997385144233704,342.090576171875,238.40023803710938,0.9988308548927307
548,343.3738098144531,124.24620056152344,0.9985150694847107,343.47509765625,180.6226806640625,0.9997040629386902,342.090576171875,237.82357788085938,0.9986541271209717
549,343.3738098144531,124.24620056152344,0.998256504535675,343.5071105957031,180.42323303222656,0.9996650218963623,342.090576171875,237.82357788085938,0.9986820816993713
550,343.9785461425781,124.24620056152344,0.9978387951850891,344.7801208496094,180.6226806640625,0.9996697902679443,342.090576171875,237.52783203125,0.9987290501594543
551,344.2293701171875,124.32945251464844,0.9982900023460388,344.7801208496094,180.63330078125,0.9996936321258545,342.090576171875,237.52783203125,0.9988260865211487
552,344.2293701171875,125.23811340332031,0.9974429607391357,344.81878662109375,182.4810791015625,0.9993769526481628,343.4951477050781,237.97523498535156,0.9978377223014832
553,344.2293701171875,125.88555145263672,0.9977118968963623,344.70367431640625,182.4810791015625,0.9994847774505615,343.4951477050781,238.42147827148438,0.9979056119918823
554,344.15704345703125,125.90103912353516,0.9979062080383301,344.8977355957031,182.5599365234375,0.9993709921836853,343.4951477050781,238.42147827148438,0.9981873631477356
555,343.7420349121094,125.9043960571289,0.998236894607544,344.8977355957031,182.5599365234375,0.9994514584541321,343.5187072753906,238.8885955810547,0.9988777041435242
556,343.7420349121094,125.9043960571289,0.9981909394264221,344.8977355957031,182.4176788330078,0.9995028972625732,343.447998046875,238.8885955810547,0.9984563589096069
557,343.7420349121094,125.90103912353516,0.9982008934020996,344.8977355957031,182.3949432373047,0.9995538592338562,343.447998046875,238.8885955810547,0.9984952211380005
558,343.8325500488281,125.87354278564453,0.9981219172477722,344.8997802734375,182.4176788330078,0.99955815076828,343.5187072753906,238.8885955810547,0.9979524612426758
559,343.89666748046875,125.8507080078125,0.9981594681739807,345.0893249511719,182.4156951904297,0.9995114803314209,343.5187072753906,238.99130249023438,0.9984101057052612
560,344.0725402832031,125.8507080078125,0.9979994893074036,345.11602783203125,182.3949432373047,0.99953293800354,343.447998046875,239.01197814941406,0.9983202815055847
561,343.89666748046875,125.8507080078125,0.9977282881736755,345.11602783203125,182.4156951904297,0.9995218515396118,343.43377685546875,239.1658935546875,0.998609185218811
562,343.9147644042969,125.87354278564453,0.9973527193069458,345.11602783203125,182.44265747070312,0.9995280504226685,343.43377685546875,239.1820068359375,0.998695433139801
563,343.9147644042969,125.87783813476562,0.9980483055114746,344.8902587890625,183.1886444091797,0.9995280504226685,343.4063415527344,239.26889038085938,0.9987998008728027
564,343.8297119140625,126.01760864257812,0.9980300068855286,344.715087890625,183.1886444091797,0.9994277358055115,343.2120666503906,239.91790771484375,0.9991764426231384
565,343.0814208984375,126.14324951171875,0.998372495174408,343.4447021484375,183.2302703857422,0.9995092153549194,342.6487731933594,239.91790771484375,0.9993390440940857
566,342.9173278808594,126.14324951171875,0.9982026815414429,343.3069763183594,183.26295471191406,0.99953293800354,342.5881042480469,239.91790771484375,0.9993714690208435
567,342.21026611328125,126.16935729980469,0.998009979724884,342.617431640625,183.2302703857422,0.9996380805969238,342.3799743652344,239.86962890625,0.9993892908096313
568,341.672119140625,126.14324951171875,0.9985118508338928,342.3401184082031,183.18190002441406,0.9996050000190735,341.4701232910156,239.85842895507812,0.9994953870773315
569,341.6333312988281,126.01283264160156,0.9983571171760559,342.3316955566406,183.02587890625,0.9996893405914307,341.46728515625,239.7544403076172,0.9994359612464905
570,341.3362731933594,125.88308715820312,0.9984802603721619,342.3153076171875,182.6109619140625,0.9997151494026184,341.1832580566406,239.35398864746094,0.99928218126297
571,341.3312683105469,125.88308715820312,0.9983955025672913,342.3153076171875,181.56716918945312,0.9997764229774475,341.2707214355469,239.29087829589844,0.9993485808372498
572,341.23272705078125,125.8515853881836,0.9984604120254517,342.3401184082031,181.5316619873047,0.9997944235801697,341.0583801269531,239.28672790527344,0.9993191957473755
573,341.16094970703125,125.45933532714844,0.9982529282569885,342.3153076171875,181.42698669433594,0.9997302889823914,340.83514404296875,239.2539825439453,0.9993075132369995
574,341.16094970703125,125.38943481445312,0.9983096122741699,342.1684265136719,181.33424377441406,0.9997307658195496,340.55230712890625,239.1280975341797,0.9992982149124146
575,341.16094970703125,125.35030364990234,0.9985193610191345,342.1656494140625,181.32025146484375,0.9998189806938171,340.4377136230469,239.0876007080078,0.9992383718490601
576,341.0366516113281,125.26103210449219,0.9989307522773743,341.86651611328125,181.25711059570312,0.9997721314430237,340.27569580078125,238.86929321289062,0.9992128610610962
577,340.5086975097656,125.2029800415039,0.9988358616828918,341.8633728027344,181.04173278808594,0.9998276233673096,340.2086181640625,238.5936279296875,0.9992189407348633
578,340.1723937988281,125.16129302978516,0.9990565180778503,341.64447021484375,180.97776794433594,0.9998537302017212,340.1712341308594,238.51260375976562,0.9993622899055481
579,340.024169921875,125.16129302978516,0.9990494847297668,341.441162109375,180.1580352783203,0.9997864365577698,339.4816589355469,237.89181518554688,0.999072790145874
580,338.9154357910156,125.10565185546875,0.9989646673202515,341.4322509765625,179.93212890625,0.9998407363891602,338.6357727050781,237.76219177246094,0.9990942478179932
581,338.6824645996094,125.06238555908203,0.9987494945526123,340.7022705078125,179.7411346435547,0.9998644590377808,337.70538330078125,237.4120635986328,0.998978853225708
582,338.3087463378906,125.06238555908203,0.9986361861228943,340.1828308105469,179.61102294921875,0.9998873472213745,337.571533203125,237.37551879882812,0.9991267323493958
583,337.93988037109375,125.06238555908203,0.9987781643867493,339.994873046875,179.61102294921875,0.999860405921936,337.1178283691406,237.29981994628906,0.9989601373672485
584,337.5438232421875,125.24671173095703,0.9986981153488159,339.51080322265625,179.7411346435547,0.9998700618743896,336.9898376464844,236.94259643554688,0.9988967180252075
585,337.2868347167969,125.32962799072266,0.9984436631202698,339.4864501953125,179.84439086914062,0.9998680353164673,337.1178283691406,236.94259643554688,0.9989562034606934
586,337.2868347167969,125.34740447998047,0.9985482096672058,339.4442138671875,179.91590881347656,0.9998843669891357,337.1178283691406,237.29981994628906,0.9987826943397522
587,337.23236083984375,125.5009765625,0.9984502792358398,339.1712951660156,180.09320068359375,0.999870777130127,337.0797119140625,238.0247344970703,0.9990277290344238
588,337.1280212402344,125.66621398925781,0.9985682964324951,339.0914611816406,180.34732055664062,0.9998823404312134,337.0797119140625,238.0653533935547,0.9991322159767151
589,337.1280212402344,125.66621398925781,0.998557984828949,338.5719299316406,180.34732055664062,0.9999023675918579,337.0797119140625,238.0653533935547,0.9991089701652527
590,337.1280212402344,125.66630554199219,0.998563826084137,338.34466552734375,180.34732055664062,0.9999037981033325,336.7691345214844,238.0247344970703,0.9991065859794617
591,337.1070861816406,125.66630554199219,0.9984980821609497,338.20184326171875,180.31353759765625,0.9998887777328491,336.7535705566406,237.87440490722656,0.999019980430603
592,336.9451904296875,125.66630554199219,0.9984747767448425,338.18115234375,180.31353759765625,0.9999110698699951,336.3714294433594,237.87440490722656,0.9990942478179932
593,336.9230651855469,125.69451904296875,0.9983540773391724,338.1025085449219,180.31353759765625,0.999907374382019,336.2384338378906,237.87440490722656,0.998971700668335
594,336.2098388671875,125.76643371582031,0.9977535605430603,338.0862731933594,180.5502166748047,0.9999020099639893,336.2384338378906,238.11485290527344,0.9989953637123108
595,335.6860046386719,125.94600677490234,0.9977108240127563,338.0088195800781,180.66847229003906,0.9999072551727295,336.13525390625,238.19393920898438,0.9989437460899353
596,334.9375915527344,126.26483154296875,0.9970404505729675,337.5030212402344,181.33624267578125,0.999915361404419,335.9066162109375,238.28298950195312,0.9991717338562012
597,334.64227294921875,126.34527587890625,0.9960960745811462,337.36248779296875,181.3502655029297,0.9998935461044312,335.68792724609375,238.6517791748047,0.9988495111465454
598,334.64227294921875,127.38446044921875,0.996021568775177,337.2165222167969,181.8749542236328,0.9998785257339478,335.4691162109375,238.94981384277344,0.9991980195045471
599,334.213134765625,127.81488037109375,0.9970596432685852,337.0211181640625,182.75624084472656,0.9998601675033569,335.1042175292969,239.47462463378906,0.9991053938865662
600,334.2120361328125,128.08233642578125,0.9978880286216736,336.56842041015625,183.24644470214844,0.9998469352722168,335.1042175292969,239.7017822265625,0.9990925788879395
601,333.6503601074219,128.2268829345703,0.9981642365455627,336.5224914550781,183.50723266601562,0.9998464584350586,334.8159484863281,240.1337890625,0.9988034963607788
602,333.1025695800781,128.43759155273438,0.9983294606208801,336.1440734863281,183.6427764892578,0.999833345413208,334.8016662597656,240.82582092285156,0.9992196559906006
603,332.7165222167969,128.9676971435547,0.9988332390785217,335.59210205078125,184.6596221923828,0.9997203946113586,334.09552001953125,241.19277954101562,0.9991880059242249
604,332.466552734375,131.01670837402344,0.9995156526565552,334.1003723144531,187.1628875732422,0.9988705515861511,332.8343505859375,242.53253173828125,0.9994204044342041
605,332.3559875488281,132.94619750976562,0.9995490908622742,333.9784240722656,188.47674560546875,0.9993232488632202,331.5605773925781,244.54226684570312,0.9995015859603882
606,331.1763610839844,135.3809356689453,0.9993579983711243,332.793212890625,190.44876098632812,0.9987648725509644,330.41552734375,245.40200805664062,0.9994787573814392
607,327.59515380859375,138.03427124023438,0.9979786276817322,331.5657958984375,194.0313262939453,0.9996962547302246,329.0304870605469,247.0143585205078,0.9981510043144226
608,327.4278869628906,141.8412628173828,0.9976623058319092,331.4124450683594,196.71620178222656,0.9998494386672974,326.275390625,249.89431762695312,0.9961408972740173
609,326.5551452636719,144.85525512695312,0.9974077343940735,329.4856262207031,200.64186096191406,0.999614953994751,325.1775817871094,256.32537841796875,0.9993707537651062
610,324.7625427246094,147.45028686523438,0.9996936321258545,326.5863037109375,201.86209106445312,0.9994136095046997,323.805419921875,257.4386901855469,0.9995889067649841
611,321.9549255371094,152.03794860839844,0.9996671676635742,325.54736328125,205.59182739257812,0.9994128942489624,322.6280212402344,261.4537353515625,0.9995680451393127
612,321.9400634765625,155.5437469482422,0.9990689158439636,323.548828125,209.35240173339844,0.9998650550842285,321.6462097167969,266.3483581542969,0.997785210609436
613,321.1378479003906,156.7949981689453,0.9987020492553711,322.90496826171875,213.6497344970703,0.9999163150787354,321.3571472167969,271.1210632324219,0.9983231425285339
614,317.8880920410156,160.43235778808594,0.9975382089614868,320.140380859375,217.62905883789062,0.9996160268783569,321.20361328125,275.1285400390625,0.9995280504226685
615,315.9134521484375,163.02484130859375,0.9995206594467163,318.5285339355469,220.52320861816406,0.9991810917854309,319.91326904296875,277.4826354980469,0.9992679953575134
616,314.9921569824219,166.7547149658203,0.9993196725845337,315.5323791503906,223.3478240966797,0.9990285634994507,316.6410827636719,280.67706298828125,0.9986717700958252
617,311.41021728515625,168.95712280273438,0.999403715133667,314.1529846191406,225.54348754882812,0.9997219443321228,316.171630859375,282.595458984375,0.9941657781600952
618,310.3617248535156,170.96914672851562,0.9989996552467346,312.9251708984375,227.82980346679688,0.9998350143432617,313.6053466796875,284.84271240234375,0.9979654550552368
619,310.1758117675781,172.4920654296875,0.9987202882766724,311.7368469238281,228.92892456054688,0.9997696280479431,310.9010925292969,287.56060791015625,0.9981063604354858
620,310.05096435546875,174.0049285888672,0.998854398727417,310.4112854003906,230.29202270507812,0.999845027923584,310.81573486328125,289.448974609375,0.9988049268722534
621,308.7000732421875,174.4564666748047,0.9991401433944702,309.6514587402344,232.80958557128906,0.9995564818382263,309.4500732421875,290.2276611328125,0.999426007270813
622,306.02667236328125,176.583251953125,0.9991647005081177,307.59698486328125,233.2756805419922,0.9997283816337585,307.3975524902344,290.919189453125,0.9995937943458557
623,303.88543701171875,177.46165466308594,0.9991538524627686,305.693603515625,233.7292938232422,0.9996020197868347,306.8853759765625,291.6061706542969,0.9995985627174377
624,302.8150329589844,177.46165466308594,0.9990763664245605,304.62701416015625,233.93704223632812,0.9994704127311707,306.17059326171875,291.6061706542969,0.9996023774147034
625,301.42205810546875,177.46165466308594,0.9990390539169312,304.61248779296875,233.94277954101562,0.9995068311691284,305.9334716796875,291.6357421875,0.9996200799942017
626,300.5185241699219,177.33627319335938,0.9990087151527405,303.5384826660156,233.94277954101562,0.999299168586731,305.8001708984375,291.6357421875,0.9995599389076233
627,300.4907531738281,177.29946899414062,0.998989999294281,303.4009094238281,233.93704223632812,0.9991458654403687,305.0892028808594,291.6357421875,0.9994988441467285
628,299.7461853027344,176.95352172851562,0.9984037280082703,303.0483093261719,233.84042358398438,0.9993083477020264,304.7562255859375,291.46185302734375,0.9995189905166626
629,299.0977478027344,176.92445373535156,0.9987658262252808,302.455810546875,233.57139587402344,0.9989763498306274,304.53546142578125,291.597412109375,0.9995402097702026
630,298.314208984375,176.53895568847656,0.9985468983650208,300.96624755859375,233.57139587402344,0.9992469549179077,304.3890380859375,291.597412109375,0.9995856881141663
631,298.314208984375,176.53895568847656,0.9983270764350891,300.96624755859375,233.58944702148438,0.9990756511688232,304.3890380859375,291.597412109375,0.999612033367157
632,298.314208984375,176.53895568847656,0.9980975985527039,300.9454040527344,233.58944702148438,0.998892605304718,304.3767395019531,291.65264892578125,0.9995537400245667
633,298.9690856933594,176.53895568847656,0.9982606768608093,300.96624755859375,233.9382781982422,0.9988667964935303,304.3890380859375,291.65264892578125,0.9995996356010437
634,298.9696350097656,176.68788146972656,0.9987599849700928,300.96624755859375,233.9382781982422,0.998748779296875,304.46441650390625,291.67718505859375,0.9995681643486023
635,299.9732360839844,177.0291748046875,0.9988529682159424,301.83233642578125,233.9637451171875,0.9989669322967529,304.64892578125,291.7361145019531,0.9996100068092346
636,300.1031188964844,177.06654357910156,0.9987828135490417,301.83233642578125,234.05979919433594,0.9991545677185059,304.75018310546875,291.7361145019531,0.9996252059936523
637,300.4795227050781,177.06654357910156,0.9989595413208008,301.9742126464844,234.06576538085938,0.9991546869277954,305.0016174316406,291.89642333984375,0.9996727705001831
638,300.76715087890625,177.4510955810547,0.9990153312683105,301.9742126464844,234.05979919433594,0.9987008571624756,305.11370849609375,291.89642333984375,0.9996588230133057
639,300.8888244628906,177.45262145996094,0.9989246726036072,301.9905700683594,234.05979919433594,0.9989908337593079,305.11370849609375,292.03924560546875,0.9996774196624756
640,301.0495300292969,177.47662353515625,0.9990191459655762,302.33587646484375,233.98765563964844,0.9990649819374084,305.11370849609375,292.072021484375,0.999666690826416
641,301.13360595703125,177.53952026367188,0.9990291595458984,302.35235595703125,233.98765563964844,0.9989866614341736,305.1557312011719,292.0849609375,0.9996651411056519
642,301.3042907714844,177.73974609375,0.9989550113677979,302.36419677734375,233.98617553710938,0.9990105628967285,305.35009765625,292.0849609375,0.9996528625488281
643,301.309326171875,177.53952026367188,0.9989646673202515,302.793701171875,233.98617553710938,0.9990389347076416,305.4582824707031,292.09930419921875,0.9996644258499146
644,301.50982666015625,177.53952026367188,0.9987427592277527,302.8669128417969,233.9620819091797,0.9994004964828491,305.2850341796875,292.121826171875,0.9996576309204102
645,302.16290283203125,177.77761840820312,0.9987561702728271,302.9664306640625,234.31097412109375,0.998980700969696,305.37109375,292.1459655761719,0.999698281288147
646,302.16290283203125,177.9811248779297,0.9989970326423645,303.0361328125,234.31097412109375,0.9994163513183594,305.685302734375,292.18670654296875,0.9996782541275024
647,302.46636962890625,177.9811248779297,0.9991231560707092,303.59893798828125,234.31097412109375,0.9993088245391846,305.69415283203125,292.23883056640625,0.999683141708374
648,302.4881896972656,178.03419494628906,0.999030351638794,303.6110534667969,233.92079162597656,0.999342143535614,305.44281005859375,292.18670654296875,0.9996374845504761
649,302.60308837890625,178.53028869628906,0.9989225268363953,303.84429931640625,234.09817504882812,0.9995014667510986,305.69415283203125,292.18670654296875,0.9996188879013062
650,302.60308837890625,178.63241577148438,0.9991301894187927,303.9141845703125,234.08860778808594,0.9994646906852722,305.7843933105469,292.18670654296875,0.9996508359909058
651,302.7376403808594,178.63241577148438,0.9990071654319763,304.1156311035156,234.08860778808594,0.9995507597923279,305.7843933105469,292.1575012207031,0.9996551275253296
652,302.84930419921875,178.71556091308594,0.9991872906684875,304.13818359375,234.09817504882812,0.9995425939559937,305.8887634277344,292.1575012207031,0.9996248483657837
653,302.84930419921875,178.73492431640625,0.9990707635879517,304.13818359375,234.12147521972656,0.9994481205940247,306.043701171875,292.2109680175781,0.9996294975280762
654,302.8851013183594,178.73492431640625,0.9992550015449524,304.13818359375,234.1870880126953,0.9995219707489014,306.34130859375,292.253662109375,0.9996438026428223
655,303.1876220703125,178.73492431640625,0.9993826150894165,304.2082824707031,234.1870880126953,0.9994482398033142,306.56292724609375,292.253662109375,0.9996386766433716
656,303.1876220703125,178.7980499267578,0.9992610812187195,304.7002258300781,234.14430236816406,0.9995493292808533,306.69952392578125,292.253662109375,0.999663233757019
657,303.21124267578125,178.73492431640625,0.9994264841079712,304.7259826660156,234.12147521972656,0.9996089339256287,306.8646545410156,292.19512939453125,0.9996562004089355
658,303.418212890625,178.7980499267578,0.999345600605011,304.7259826660156,234.14430236816406,0.9996308088302612,306.8646545410156,292.19512939453125,0.9996469020843506
659,303.9019775390625,179.0596160888672,0.9995071887969971,304.78594970703125,234.14430236816406,0.999605119228363,306.69952392578125,292.19512939453125,0.9996483325958252
660,304.56304931640625,179.25106811523438,0.9996596574783325,304.7259826660156,234.2069091796875,0.9995742440223694,306.8646545410156,292.2847595214844,0.999622106552124
661,305.49884033203125,179.25106811523438,0.9997820258140564,304.68914794921875,234.3003387451172,0.9995775818824768,306.89569091796875,292.2997131347656,0.9996309280395508
662,305.5704650878906,179.26536560058594,0.9997900128364563,304.68914794921875,234.32394409179688,0.9996009469032288,306.89569091796875,292.3865966796875,0.9996024966239929
663,305.60009765625,179.26536560058594,0.9997746348381042,304.81890869140625,234.5226593017578,0.9996531009674072,306.93048095703125,292.3996887207031,0.9996180534362793
664,305.8857116699219,179.17559814453125,0.9997968077659607,304.81890869140625,234.65191650390625,0.9996845722198486,307.162109375,292.3006591796875,0.9996153116226196
665,306.104736328125,179.1532745361328,0.9998071789741516,304.9186096191406,234.8352813720703,0.9997046589851379,307.16522216796875,292.3996887207031,0.9996113181114197
666,306.43121337890625,179.17559814453125,0.9997797608375549,305.1368408203125,234.92381286621094,0.999742329120636,307.162109375,292.59307861328125,0.9996358156204224
667,306.4480895996094,179.17559814453125,0.9997933506965637,305.30780029296875,235.17190551757812,0.9997543692588806,307.162109375,292.6158752441406,0.9996727705001831
668,306.43121337890625,179.24386596679688,0.9998041987419128,305.471923828125,235.17495727539062,0.9997428059577942,307.16522216796875,292.6158752441406,0.9996734857559204
669,306.47344970703125,179.24386596679688,0.9998002648353577,305.49090576171875,235.1942596435547,0.9997761845588684,307.16522216796875,292.6158752441406,0.999671220779419
670,306.5163879394531,179.24386596679688,0.9997997879981995,305.5000305175781,235.1942596435547,0.9997683167457581,307.1832580566406,292.4854431152344,0.9996769428253174
671,306.5163879394531,179.1791229248047,0.9997928738594055,305.61199951171875,235.1942596435547,0.9997583031654358,307.2525939941406,292.4286193847656,0.9996554851531982
672,307.7808837890625,178.8382110595703,0.9997816681861877,306.3173522949219,234.7044219970703,0.9997221827507019,307.96026611328125,292.1948547363281,0.9996132254600525
673,307.7808837890625,178.8382110595703,0.9997856020927429,306.3173522949219,234.479248046875,0.9997019171714783,307.9698181152344,292.03680419921875,0.9996452331542969
674,307.8686828613281,178.8382110595703,0.999775230884552,306.3173522949219,234.479248046875,0.9997057318687439,308.3554382324219,291.9751892089844,0.9996119141578674
675,307.9144287109375,178.8382110595703,0.9997941851615906,306.33184814453125,234.4564666748047,0.9996997117996216,308.5532531738281,291.9751892089844,0.9995985627174377
676,308.02325439453125,178.8382110595703,0.9997929930686951,306.33184814453125,234.37977600097656,0.9997143149375916,308.62127685546875,291.9482116699219,0.9995589852333069
677,308.4820251464844,178.71697998046875,0.9997535347938538,306.381103515625,234.0719451904297,0.9996576309204102,308.62127685546875,291.8852233886719,0.9996030926704407
678,308.4820251464844,178.39649963378906,0.999713122844696,306.4853210449219,233.8106689453125,0.9996680021286011,308.7706298828125,291.7948913574219,0.9995715022087097
679,308.4820251464844,178.14732360839844,0.9997034668922424,306.858154296875,233.71331787109375,0.9995703101158142,308.7706298828125,291.7880554199219,0.9996728897094727
680,308.382080078125,177.25827026367188,0.9994394183158875,307.6045837402344,233.5403594970703,0.9995905756950378,308.89093017578125,291.7880554199219,0.9995843768119812
681,308.382080078125,176.6456298828125,0.9993100166320801,308.2286682128906,233.4154815673828,0.9994811415672302,309.216064453125,291.7781677246094,0.9995055198669434
682,308.382080078125,174.31564331054688,0.9991173148155212,309.34014892578125,231.6372833251953,0.999788224697113,310.0908508300781,290.71405029296875,0.999247670173645
683,308.8036193847656,173.3877716064453,0.9990912675857544,309.8309631347656,229.91973876953125,0.9998637437820435,310.3270568847656,289.9881591796875,0.9991078972816467
684,310.635986328125,171.66160583496094,0.9984824061393738,311.1292724609375,228.1551971435547,0.9998681545257568,311.37786865234375,289.47906494140625,0.9982370138168335
685,311.3480529785156,171.46905517578125,0.998678982257843,313.5414123535156,227.9130096435547,0.9998077750205994,314.7035827636719,288.92816162109375,0.9979856014251709
686,311.3703918457031,170.24154663085938,0.9993026256561279,313.9119873046875,225.7707061767578,0.9997624754905701,317.6583557128906,286.4378356933594,0.9941689968109131
687,312.74530029296875,168.40713500976562,0.999140739440918,315.81390380859375,224.51829528808594,0.9994722008705139,318.2937927246094,283.3466796875,0.9962373971939087
688,313.3969421386719,166.64723205566406,0.9995415210723877,315.9440612792969,222.7050323486328,0.9986704587936401,318.63348388671875,283.13372802734375,0.9956992864608765
689,315.0144348144531,165.29286193847656,0.999636173248291,317.9090576171875,220.9307098388672,0.9989492297172546,319.1339111328125,278.9463195800781,0.9986706972122192
690,317.05389404296875,162.73204040527344,0.9995371103286743,318.9403991699219,219.23806762695312,0.999076247215271,320.5972900390625,276.7697448730469,0.9994007349014282
691,317.78021240234375,161.3463592529297,0.9984771609306335,320.77301025390625,218.3851318359375,0.9993466734886169,321.55621337890625,275.59375,0.9995595812797546
692,320.9249572753906,157.9864959716797,0.998391330242157,321.873779296875,215.69021606445312,0.9998384714126587,321.55621337890625,274.6807861328125,0.9995474219322205
693,322.6172180175781,156.55885314941406,0.9988190531730652,323.450927734375,213.2172393798828,0.9999144077301025,322.4521179199219,271.4816589355469,0.9986099004745483
694,323.6463317871094,156.0222625732422,0.9992836117744446,325.0032043457031,210.90611267089844,0.9999364614486694,322.4521179199219,270.82159423828125,0.9988975524902344
695,324.4468688964844,155.1334686279297,0.9993590712547302,327.1681823730469,207.8876495361328,0.9996345043182373,325.2325439453125,265.79217529296875,0.99662846326828
696,325.4605712890625,151.3487091064453,0.9996771812438965,327.70819091796875,205.9375762939453,0.9987911581993103,326.3704528808594,261.642333984375,0.9990532994270325
697,329.10809326171875,149.11651611328125,0.9991933703422546,328.7663269042969,201.6553192138672,0.9981873631477356,330.21795654296875,257.45416259765625,0.9989835619926453
698,330.53375244140625,146.42117309570312,0.9991113543510437,331.2311096191406,200.88836669921875,0.9995372295379639,330.5115661621094,255.79150390625,0.9980446100234985
699,331.50604248046875,143.66403198242188,0.997852087020874,334.9437561035156,197.63636779785156,0.9998395442962646,334.02313232421875,253.50991821289062,0.9976738095283508
700,333.2206726074219,139.37034606933594,0.9960379600524902,336.0220947265625,192.88966369628906,0.9997005462646484,335.1932067871094,249.01150512695312,0.9978524446487427
701,334.59564208984375,136.9356231689453,0.9992108345031738,337.0968933105469,191.46217346191406,0.999512791633606,336.52142333984375,246.4778594970703,0.9993089437484741
702,335.6803894042969,135.1815185546875,0.9997163414955139,337.7004699707031,187.62628173828125,0.9995676875114441,338.63787841796875,244.83187866210938,0.9994296431541443
703,337.99151611328125,131.77378845214844,0.9997827410697937,339.5250244140625,186.21836853027344,0.9996321201324463,339.17596435546875,242.2168426513672,0.9996353387832642
704,340.5669250488281,129.51065063476562,0.999405026435852,340.98846435546875,183.0384063720703,0.9998339414596558,340.5287780761719,240.78289794921875,0.9994889497756958
705,340.89581298828125,126.97200012207031,0.998623251914978,342.312255859375,181.0531768798828,0.9997953772544861,340.739990234375,238.5264129638672,0.9989895224571228
706,341.29351806640625,125.19804382324219,0.9986888766288757,342.32806396484375,178.79339599609375,0.9998469352722168,341.42755126953125,236.37535095214844,0.9984208345413208
707,341.29351806640625,123.92827606201172,0.9982935786247253,343.0138244628906,177.54086303710938,0.9996987581253052,343.0317687988281,234.99757385253906,0.997463583946228
708,341.29351806640625,123.1642074584961,0.9979631900787354,343.4447937011719,175.9495849609375,0.9994457364082336,343.0771179199219,233.92160034179688,0.9979105591773987
709,341.3193359375,123.1642074584961,0.99920254945755,343.56292724609375,175.9495849609375,0.9993876218795776,343.1392822265625,233.7584228515625,0.9978394508361816
710,341.3193359375,123.03166961669922,0.9983341097831726,343.9124755859375,175.9495849609375,0.9992913007736206,343.4136657714844,233.7584228515625,0.9977937936782837
711,341.33465576171875,123.06298828125,0.9979137778282166,343.9124755859375,176.2159423828125,0.9993522763252258,343.4136657714844,233.7584228515625,0.9971486926078796
712,342.27471923828125,123.1642074584961,0.9975462555885315,343.9124755859375,176.6367950439453,0.999377965927124,343.4136657714844,234.20269775390625,0.9973223805427551
713,342.27471923828125,123.44377136230469,0.9982191920280457,343.4855651855469,177.2405548095703,0.9996592998504639,342.6779479980469,234.35902404785156,0.998698353767395
714,342.27471923828125,123.44377136230469,0.998279333114624,343.35589599609375,177.40655517578125,0.9996337890625,342.2708740234375,234.5350341796875,0.9983810186386108
715,342.1234436035156,123.63033294677734,0.998426079750061,342.4222717285156,177.96731567382812,0.9997870326042175,341.51361083984375,234.61679077148438,0.9989125728607178
716,341.31964111328125,124.05965423583984,0.9985566735267639,342.3966064453125,178.13865661621094,0.9998123049736023,341.0139465332031,234.61679077148438,0.9987086057662964
717,341.263427734375,124.05965423583984,0.9986156225204468,341.8218994140625,178.13865661621094,0.9998505115509033,340.9878234863281,234.61679077148438,0.9989377856254578
718,340.7708435058594,124.08541107177734,0.9987285733222961,341.8218994140625,178.13865661621094,0.9998579025268555,340.9878234863281,234.61679077148438,0.9990442395210266
719,340.70281982421875,124.18126678466797,0.9987347722053528,342.0230712890625,178.1598358154297,0.9998074173927307,340.9862976074219,235.1001739501953,0.9986715316772461
720,340.6970520019531,124.26007080078125,0.9990665316581726,341.94891357421875,178.1598358154297,0.9997820258140564,340.72686767578125,235.36172485351562,0.9988915324211121
721,340.70281982421875,124.32588195800781,0.998955488204956,341.94891357421875,178.1627655029297,0.999818742275238,340.72686767578125,235.4352569580078,0.9989437460899353
722,340.6378173828125,124.37715148925781,0.9990490078926086,341.94891357421875,178.24838256835938,0.9998378753662109,340.752197265625,235.58755493164062,0.9989719390869141
723,340.6378173828125,125.09386444091797,0.999022364616394,341.61492919921875,178.41815185546875,0.9998775720596313,340.72686767578125,236.05084228515625,0.9989073276519775
724,340.3255615234375,125.15597534179688,0.9989755153656006,341.576171875,178.4287872314453,0.9998551607131958,340.5491027832031,236.0904083251953,0.9989149570465088
725,339.73541259765625,125.18645477294922,0.9989417195320129,341.3977355957031,178.60476684570312,0.9998800754547119,339.7931213378906,236.91871643066406,0.998903751373291
726,339.529541015625,125.21835327148438,0.9990459084510803,341.12030029296875,178.60476684570312,0.9998911619186401,339.00152587890625,237.04241943359375,0.9989539384841919
727,339.4225158691406,125.25515747070312,0.9989833235740662,341.05877685546875,178.812744140625,0.9998737573623657,338.4936218261719,237.06236267089844,0.9990754127502441
728,339.4225158691406,125.21835327148438,0.999010443687439,340.6015625,179.01004028320312,0.9998925924301147,338.3268737792969,237.3912811279297,0.9991427659988403
729,339.4225158691406,125.21835327148438,0.9990516304969788,340.4291076660156,178.812744140625,0.9998763799667358,338.3268737792969,237.45309448242188,0.9991351962089539
730,339.4225158691406,125.21835327148438,0.9990014433860779,340.4291076660156,179.01004028320312,0.999893307685852,338.3268737792969,237.52027893066406,0.9991070628166199
731,339.15924072265625,125.25515747070312,0.998996913433075,340.3283996582031,179.01004028320312,0.9998817443847656,338.6101379394531,237.45309448242188,0.9991078972816467
732,338.756103515625,125.4802474975586,0.9987266659736633,340.3283996582031,179.81996154785156,0.9998986721038818,340.03228759765625,237.52027893066406,0.9991493225097656
733,338.6876525878906,125.56659698486328,0.998702883720398,340.41229248046875,179.82766723632812,0.9998987913131714,340.03228759765625,237.52597045898438,0.9990068078041077
734,338.6876525878906,125.92811584472656,0.9989234805107117,340.41229248046875,180.37477111816406,0.9998778104782104,340.03228759765625,238.3431396484375,0.999151349067688
735,338.6876525878906,125.92811584472656,0.998944103717804,340.41229248046875,180.48912048339844,0.9998877048492432,339.44525146484375,238.3914031982422,0.9992586970329285
736,338.9486389160156,125.92811584472656,0.9989765882492065,340.7326354980469,180.49508666992188,0.999887228012085,339.44525146484375,238.44210815429688,0.9992984533309937
737,339.3244934082031,125.9003677368164,0.9990184307098389,340.8638610839844,180.49508666992188,0.9998806715011597,339.44525146484375,238.46539306640625,0.9992079138755798
738,339.3328857421875,125.9003677368164,0.9988797307014465,340.8807678222656,180.49508666992188,0.9998739957809448,339.6144104003906,238.59800720214844,0.9991925358772278
739,339.958984375,125.9003677368164,0.9990757703781128,341.3818664550781,180.47964477539062,0.9998458623886108,339.76361083984375,238.68809509277344,0.9991063475608826
740,340.19921875,125.98372650146484,0.999016523361206,341.5326843261719,180.4485321044922,0.999855637550354,341.4154968261719,238.9151153564453,0.9993119239807129
741,340.19921875,126.0337142944336,0.9989805817604065,341.6416931152344,180.2073211669922,0.9998701810836792,341.4561767578125,239.01686096191406,0.999121367931366
742,340.2734680175781,126.0337142944336,0.998994767665863,341.686279296875,180.2073211669922,0.9998492002487183,341.4561767578125,238.9297332763672,0.9991750121116638
743,340.342041015625,126.0337142944336,0.9988715052604675,341.686279296875,180.2073211669922,0.9998810291290283,341.8487854003906,238.9297332763672,0.9991139769554138
744,340.3867492675781,125.95097351074219,0.999015212059021,341.686279296875,180.64727783203125,0.9998064637184143,341.9576721191406,239.1031951904297,0.9990355968475342
745,340.6604919433594,125.86175537109375,0.9990203380584717,341.686279296875,180.7958526611328,0.9998513460159302,342.3731994628906,239.1766815185547,0.9993231296539307
746,340.6604919433594,125.85374450683594,0.9990584254264832,341.82269287109375,180.80397033691406,0.9998276233673096,342.3731994628906,239.19215393066406,0.9991747736930847
747,340.486083984375,125.85374450683594,0.9990590214729309,341.82269287109375,180.80397033691406,0.9998214840888977,342.1590270996094,239.19288635253906,0.9990304708480835
748,340.456298828125,125.85374450683594,0.9991154074668884,341.8429260253906,180.80397033691406,0.9998431205749512,342.1590270996094,239.25653076171875,0.9992383718490601
749,340.486083984375,126.01714324951172,0.9990799427032471,341.895263671875,180.88270568847656,0.9998499155044556,342.01788330078125,239.25653076171875,0.9992409944534302
750,340.486083984375,126.06189727783203,0.999019980430603,341.93780517578125,181.08706665039062,0.9998260140419006,341.9710388183594,239.25653076171875,0.9992069602012634
751,340.486083984375,126.17998504638672,0.9989727735519409,342.116455078125,181.19680786132812,0.999811589717865,341.9056701660156,239.25653076171875,0.9992287158966064
752,340.402099609375,126.18485260009766,0.9989587068557739,342.116455078125,181.55453491210938,0.9997755885124207,341.45947265625,239.25653076171875,0.9992824196815491
753,340.5252685546875,126.25785064697266,0.9988722205162048,342.116455078125,181.83950805664062,0.9997538924217224,341.4315185546875,239.42697143554688,0.9994099140167236
754,340.402099609375,126.25880432128906,0.9988799691200256,341.82781982421875,181.83950805664062,0.9997809529304504,341.34326171875,239.55380249023438,0.9993618130683899
755,340.35247802734375,126.27165985107422,0.9988548755645752,341.7210998535156,181.83950805664062,0.9997639060020447,340.4407043457031,239.61761474609375,0.9995368719100952
756,340.35247802734375,126.37527465820312,0.9988386034965515,341.5323791503906,181.37261962890625,0.9998233914375305,340.2523498535156,239.66476440429688,0.9995148181915283
757,340.303955078125,126.67388153076172,0.9988182187080383,341.373046875,181.2899627685547,0.9998080134391785,339.8405456542969,239.66476440429688,0.9995786547660828
758,340.0008239746094,126.70509338378906,0.9988631010055542,341.17626953125,181.2899627685547,0.9998016953468323,339.50439453125,239.65374755859375,0.999586284160614
759,339.3520812988281,126.70509338378906,0.9987772107124329,341.10772705078125,181.2939453125,0.9998235106468201,339.50439453125,239.61761474609375,0.9995871186256409
760,338.6975402832031,126.67388153076172,0.9987552165985107,340.7484436035156,181.2899627685547,0.9998175501823425,339.50439453125,239.3526611328125,0.999509334564209
761,338.53485107421875,126.70509338378906,0.9988204836845398,340.6222229003906,180.9298858642578,0.9998053908348083,339.4468994140625,239.3526611328125,0.9993258714675903
762,337.8973388671875,126.70509338378906,0.9987008571624756,340.12188720703125,180.9558868408203,0.9998482465744019,339.1363830566406,239.3526611328125,0.9994725584983826
763,337.88824462890625,126.69917297363281,0.9986812472343445,339.9608154296875,180.9558868408203,0.9998626708984375,339.02557373046875,239.4037322998047,0.9994444251060486
764,336.86822509765625,126.69917297363281,0.9983023405075073,339.1419677734375,180.9558868408203,0.9998880624771118,338.0581359863281,239.4261474609375,0.9994670748710632
765,336.40325927734375,126.7213134765625,0.9982922673225403,339.11138916015625,181.04441833496094,0.9998713731765747,337.9959716796875,239.46714782714844,0.9993847608566284
766,336.1837158203125,126.69917297363281,0.9981289505958557,338.3935546875,181.18081665039062,0.9998646974563599,337.9459533691406,239.5967254638672,0.9994046688079834
767,336.1837158203125,126.69917297363281,0.9977914094924927,337.9794921875,181.4774169921875,0.9998501539230347,337.9004211425781,239.57981872558594,0.9993463158607483
768,336.1484069824219,126.7213134765625,0.9979920387268066,337.8900451660156,181.5395965576172,0.9998874664306641,337.5805358886719,239.5967254638672,0.99945467710495
769,334.19708251953125,127.45037841796875,0.9966065883636475,337.6880798339844,181.80776977539062,0.9998770952224731,337.18560791015625,239.73402404785156,0.9993782043457031
770,334.14715576171875,127.45623779296875,0.9962977766990662,337.21075439453125,181.91842651367188,0.9998818635940552,337.04150390625,239.74624633789062,0.999407172203064
771,334.0596923828125,127.97107696533203,0.9975111484527588,337.0807189941406,182.20208740234375,0.999883770942688,336.11669921875,239.95913696289062,0.9993935823440552
772,334.0596923828125,127.99565124511719,0.9974194765090942,336.8576965332031,182.59457397460938,0.9998514652252197,336.11669921875,240.74986267089844,0.9993839263916016
773,334.1217346191406,128.26942443847656,0.9982592463493347,336.8576965332031,183.41192626953125,0.9997877478599548,336.11669921875,241.12428283691406,0.9995999932289124
774,333.9418640136719,128.52688598632812,0.9985945820808411,336.7843933105469,183.5643310546875,0.9998475313186646,336.4419860839844,241.3576202392578,0.9995906949043274
775,334.0047302246094,128.5395965576172,0.9986340403556824,336.7843933105469,183.5643310546875,0.9998472929000854,336.4419860839844,241.382568359375,0.9996485710144043
776,334.0047302246094,128.5395965576172,0.9987412095069885,336.7843933105469,183.50946044921875,0.9998196959495544,336.5702819824219,241.402587890625,0.9995591044425964
777,334.0047302246094,128.54324340820312,0.9986281394958496,336.7843933105469,183.50946044921875,0.9998444318771362,336.5702819824219,241.402587890625,0.9995632767677307
778,333.9418640136719,128.5651092529297,0.9986777901649475,336.67596435546875,183.50946044921875,0.9998656511306763,336.5702819824219,241.402587890625,0.9995940327644348
779,334.0047302246094,128.5651092529297,0.9984645843505859,336.67596435546875,183.50946044921875,0.9998726844787598,336.6886291503906,241.402587890625,0.9995594620704651
780,334.0821228027344,129.15725708007812,0.9985247254371643,336.7061462402344,183.70130920410156,0.9997716546058655,336.8901672363281,241.54840087890625,0.9996428489685059
781,334.1786804199219,129.22161865234375,0.9985558390617371,336.8047790527344,183.71258544921875,0.999782383441925,336.8901672363281,241.74810791015625,0.999636173248291
782,334.83935546875,129.28575134277344,0.9989287257194519,336.8047790527344,183.8614959716797,0.9997976422309875,336.8631896972656,241.77354431152344,0.9995645880699158
783,334.95550537109375,129.41732788085938,0.9991094470024109,337.3876953125,184.34231567382812,0.9997619986534119,336.8631896972656,241.78903198242188,0.9996135830879211
784,335.0302734375,130.52354431152344,0.9992596507072449,337.3876953125,184.58021545410156,0.9997555613517761,336.8631896972656,241.9723358154297,0.9995025396347046
785,335.0302734375,130.8204345703125,0.9994483590126038,337.3876953125,184.7324981689453,0.9997561573982239,336.8631896972656,242.1766815185547,0.9995200634002686
786,334.95550537109375,131.32960510253906,0.9994888305664062,336.9068603515625,185.22982788085938,0.9996798038482666,336.7432861328125,242.81163024902344,0.9996029734611511
787,334.8116760253906,132.16989135742188,0.9995827078819275,336.8475036621094,186.3878173828125,0.9993450045585632,336.7432861328125,243.04844665527344,0.9995633959770203
788,334.8061828613281,132.18544006347656,0.9995972514152527,335.90521240234375,186.7823486328125,0.999473512172699,336.7432861328125,243.74537658691406,0.9995005130767822
789,334.682861328125,133.01312255859375,0.9995473027229309,335.6044921875,187.8851318359375,0.9993183612823486,334.0430603027344,244.40386962890625,0.9992107152938843
790,333.1565246582031,135.17308044433594,0.9996359348297119,334.738037109375,189.61817932128906,0.9991518259048462,332.135009765625,245.532470703125,0.9994256496429443
791,332.8838195800781,136.54281616210938,0.9991994500160217,334.3951721191406,191.30526733398438,0.9972569346427917,330.8032531738281,246.57643127441406,0.9992823004722595
792,330.9493103027344,138.40208435058594,0.9966424703598022,333.153076171875,193.42530822753906,0.9994276165962219,330.52752685546875,249.55517578125,0.9983483552932739
793,329.5554504394531,140.27720642089844,0.9945023059844971,331.9024353027344,195.6486053466797,0.9997968077659607,330.2826232910156,251.8740692138672,0.994657039642334
794,328.1503601074219,142.84085083007812,0.9958797693252563,331.0938720703125,198.06663513183594,0.9997466206550598,328.24127197265625,253.0029296875,0.9966431856155396
795,327.38604736328125,145.27951049804688,0.9973652958869934,329.8284912109375,199.91014099121094,0.9996134638786316,326.5648193359375,256.6697692871094,0.9990906715393066
796,325.13873291015625,148.24038696289062,0.9995563626289368,327.1104736328125,201.5706787109375,0.9988611936569214,324.36370849609375,259.2840576171875,0.9996911287307739
797,323.541748046875,151.1208953857422,0.9997842907905579,325.69403076171875,204.43435668945312,0.9995098114013672,323.33380126953125,260.51947021484375,0.9994757771492004
798,323.3149719238281,151.17076110839844,0.9997451901435852,325.6652526855469,204.91162109375,0.9995825886726379,323.1656494140625,260.5553283691406,0.9995330572128296
799,322.42974853515625,156.23765563964844,0.9985533356666565,324.3219909667969,210.605712890625,0.9999079704284668,322.2380676269531,267.5252990722656,0.9980950951576233
800,322.2868347167969,157.30368041992188,0.9985452890396118,323.47650146484375,213.93597412109375,0.9998772144317627,321.70916748046875,271.6635437011719,0.9989927411079407
801,318.6779479980469,161.21514892578125,0.9985998272895813,321.4495849609375,217.81321716308594,0.9994111061096191,318.91326904296875,276.20306396484375,0.9989803433418274
802,316.5406799316406,164.5959930419922,0.9995643496513367,318.59954833984375,219.39999389648438,0.9988553524017334,316.60931396484375,278.5608825683594,0.9976024031639099
803,316.0118103027344,166.21017456054688,0.9995130300521851,317.327392578125,221.2872314453125,0.9984450936317444,314.75421142578125,280.7953186035156,0.9951220154762268
804,312.8945617675781,167.85983276367188,0.9991119503974915,314.7848205566406,224.42501831054688,0.9995884299278259,311.8834228515625,282.5063171386719,0.9976503252983093
805,311.11700439453125,169.73507690429688,0.9991317391395569,313.4583740234375,225.98806762695312,0.9997970461845398,311.6773376464844,283.14080810546875,0.9967909455299377
806,311.097412109375,170.65481567382812,0.9989407658576965,311.938232421875,226.31890869140625,0.9998302459716797,311.44805908203125,285.3621826171875,0.9940635561943054
807,310.4575500488281,171.75958251953125,0.9990501999855042,310.9985046386719,228.30776977539062,0.9998452663421631,311.2000732421875,288.644287109375,0.9983105659484863
808,307.5318908691406,173.24020385742188,0.9991596937179565,309.55499267578125,230.95751953125,0.9998049139976501,309.88397216796875,289.95416259765625,0.9993131160736084
809,307.136474609375,174.3369598388672,0.9989699125289917,307.8527526855469,232.50848388671875,0.9996727705001831,308.28619384765625,290.4657897949219,0.9995569586753845
810,306.5523986816406,174.49530029296875,0.9989978671073914,307.8261413574219,232.6472930908203,0.9997020363807678,308.0068359375,290.8023376464844,0.999632716178894
811,304.0692138671875,178.57594299316406,0.9994136095046997,305.55218505859375,233.91207885742188,0.9993460774421692,307.9505615234375,292.15234375,0.9994651675224304
812,303.6302490234375,178.89163208007812,0.9992386102676392,305.4727478027344,233.94229125976562,0.9993125200271606,307.9505615234375,292.2803039550781,0.9995102882385254
813,303.19342041015625,178.89163208007812,0.9993537068367004,305.3628845214844,234.27340698242188,0.9994378685951233,307.91412353515625,292.30670166015625,0.9995777010917664
814,303.19342041015625,179.22195434570312,0.999309778213501,305.3628845214844,234.27340698242188,0.999458372592926,307.9505615234375,292.2803039550781,0.9994951486587524
815,303.4205017089844,179.22195434570312,0.9991616010665894,305.55218505859375,234.34507751464844,0.9994181394577026,308.1190185546875,292.6380920410156,0.999631404876709
816,303.4205017089844,178.6885223388672,0.9996339082717896,305.8953552246094,234.27340698242188,0.9995701909065247,308.1190185546875,292.6380920410156,0.9993670582771301
817,303.9333190917969,178.63809204101562,0.9994658827781677,305.94354248046875,234.23036193847656,0.9994118213653564,307.80987548828125,292.5267333984375,0.9994940757751465
818,303.9333190917969,178.1194610595703,0.9994592070579529,305.94354248046875,234.22523498535156,0.9993959665298462,307.80987548828125,292.5262756347656,0.9995487332344055
819,303.9333190917969,177.4347381591797,0.9993162155151367,306.0578918457031,234.10142517089844,0.9996009469032288,307.6091003417969,292.5262756347656,0.9996318817138672
820,304.3421936035156,177.09280395507812,0.9990705847740173,306.0578918457031,234.10142517089844,0.9994919300079346,307.6091003417969,292.5215148925781,0.999617338180542
821,304.9247741699219,177.09280395507812,0.9993213415145874,306.0578918457031,234.01185607910156,0.9996321201324463,307.6091003417969,292.5215148925781,0.9995995163917542
822,305.3069763183594,177.09280395507812,0.9994396567344666,305.9069519042969,234.01185607910156,0.9996399879455566,307.63922119140625,292.3834533691406,0.9995586276054382
823,305.6963806152344,178.18885803222656,0.9996625185012817,306.24053955078125,233.98236083984375,0.999640703201294,307.7823791503906,292.3834533691406,0.9996515512466431
824,306.17535400390625,178.3234405517578,0.9997239708900452,306.24053955078125,233.75888061523438,0.9995794892311096,307.9672546386719,292.3616638183594,0.9996078610420227
825,306.1851806640625,178.3234405517578,0.9997596144676208,306.2767333984375,233.75665283203125,0.999617338180542,308.0159606933594,292.3438415527344,0.9995939135551453
826,306.5148010253906,178.4440155029297,0.9997159838676453,306.4041748046875,233.75665283203125,0.9996083378791809,308.107666015625,292.2857971191406,0.9996102452278137
827,306.5899658203125,178.428466796875,0.9996830224990845,306.5470275878906,233.75888061523438,0.9995884299278259,308.3338623046875,292.2857971191406,0.9995985627174377
828,308.4212646484375,178.3234405517578,0.9997722506523132,307.95843505859375,233.75888061523438,0.9996780157089233,308.8651428222656,292.24212646484375,0.9995244741439819
829,309.3205871582031,178.18235778808594,0.9997009038925171,308.29290771484375,233.62779235839844,0.9996285438537598,308.8790283203125,292.24212646484375,0.9995892643928528
830,309.3205871582031,178.20423889160156,0.999669075012207,308.29290771484375,233.94180297851562,0.9996346235275269,308.8790283203125,292.10650634765625,0.999568521976471
831,309.53106689453125,178.20423889160156,0.9995688796043396,308.29290771484375,233.94180297851562,0.999657154083252,308.8790283203125,292.10650634765625,0.9995589852333069
832,309.53106689453125,178.20423889160156,0.9996600151062012,308.1810607910156,234.06622314453125,0.999679684638977,308.94671630859375,292.10650634765625,0.9995530247688293
833,309.1720886230469,178.20423889160156,0.9996724128723145,308.1810607910156,234.06622314453125,0.9996531009674072,309.09698486328125,292.11962890625,0.9995600581169128
834,308.8652038574219,178.31895446777344,0.9996984004974365,308.1810607910156,234.06622314453125,0.9996498823165894,309.2102355957031,292.1673278808594,0.9995081424713135
835,309.1720886230469,178.32644653320312,0.9995525479316711,308.7323303222656,233.98194885253906,0.9995595812797546,309.5619812011719,292.1813659667969,0.9993921518325806
836,309.1720886230469,178.43121337890625,0.9996433258056641,308.80755615234375,233.98194885253906,0.9995607733726501,309.75799560546875,292.2530212402344,0.9993522763252258
837,308.9782409667969,178.43121337890625,0.9996397495269775,309.49029541015625,233.9154052734375,0.9995669722557068,310.0541076660156,292.2530212402344,0.9992201328277588
838,309.67694091796875,178.43121337890625,0.9996551275253296,309.51654052734375,233.9154052734375,0.9995373487472534,310.0541076660156,292.2724609375,0.9992351531982422
839,309.7790832519531,178.43121337890625,0.9996902942657471,309.5318908691406,233.9154052734375,0.9995871186256409,310.0541076660156,292.2365417480469,0.999169111251831
840,310.45947265625,178.4792938232422,0.9995419979095459,309.6939392089844,233.57664489746094,0.9994297623634338,309.91412353515625,292.2365417480469,0.9992945194244385
841,310.6506042480469,178.4097137451172,0.9995778203010559,310.10723876953125,233.4907989501953,0.9994845390319824,309.91412353515625,292.113037109375,0.9995170831680298
842,310.67730712890625,178.37620544433594,0.999516487121582,310.4613037109375,233.35528564453125,0.999458372592926,309.91412353515625,292.10626220703125,0.9993433356285095
843,311.1920471191406,178.37620544433594,0.9994227886199951,311.1025085449219,232.92645263671875,0.9994408488273621,310.1640930175781,291.9880676269531,0.9992399215698242
844,311.4081726074219,178.34524536132812,0.9993724226951599,311.2259826660156,232.91555786132812,0.999430239200592,310.4060363769531,291.8844909667969,0.9990826845169067
845,311.4081726074219,178.20440673828125,0.9993622899055481,311.2259826660156,232.60362243652344,0.9995701909065247,310.675048828125,291.82977294921875,0.9994211196899414
846,311.1920471191406,178.20440673828125,0.9991258978843689,311.26361083984375,232.60362243652344,0.9994924068450928,310.7179260253906,291.82977294921875,0.9992703795433044
847,310.92620849609375,178.0607452392578,0.9994003772735596,311.27532958984375,232.60362243652344,0.9995900988578796,311.0948181152344,291.82977294921875,0.9991466999053955
848,310.92620849609375,177.8667755126953,0.999528169631958,311.37548828125,232.77528381347656,0.9995025396347046,311.0948181152344,292.142822265625,0.9991235136985779
849,310.92620849609375,177.8667755126953,0.9994217157363892,311.37548828125,232.8905792236328,0.9993682503700256,311.0948181152344,292.142822265625,0.9991263747215271
850,311.0953369140625,177.70416259765625,0.9992096424102783,311.37548828125,233.0540008544922,0.9993407130241394,311.2061462402344,292.1903991699219,0.9992842078208923
851,311.1609802246094,177.70416259765625,0.9992233514785767,311.37548828125,233.113525390625,0.9992640614509583,311.41961669921875,292.3509826660156,0.9992473125457764
852,311.66693115234375,177.70416259765625,0.998945415019989,311.3989562988281,233.2572021484375,0.9989944100379944,312.51318359375,292.3509826660156,0.9989101886749268
853,311.82867431640625,177.6632537841797,0.9991376399993896,311.3989562988281,233.46409606933594,0.99898761510849,312.8247985839844,292.39776611328125,0.9990739822387695
854,312.3498840332031,177.71253967285156,0.9988858103752136,311.3989562988281,233.46409606933594,0.9990653395652771,313.1668395996094,292.425048828125,0.9991281628608704
855,312.8475036621094,177.7309112548828,0.9983192086219788,312.4248352050781,233.5495147705078,0.9988621473312378,313.1668395996094,292.49798583984375,0.9991876482963562
856,312.8475036621094,177.71253967285156,0.9983920454978943,312.5697937011719,234.4771270751953,0.9990457892417908,313.2060241699219,292.425048828125,0.9991440773010254
857,312.8475036621094,177.71253967285156,0.9988232254981995,312.9247131347656,234.5333709716797,0.9989627599716187,313.4892883300781,292.5147399902344,0.999153733253479
858,312.7314453125,177.71253967285156,0.9988616704940796,313.02288818359375,234.4771270751953,0.9990409016609192,313.3011169433594,292.5147399902344,0.9991876482963562
859,312.7314453125,177.4418182373047,0.998995840549469,313.0557861328125,234.49710083007812,0.9989339709281921,313.3011169433594,292.5141906738281,0.9992214441299438
860,312.7314453125,176.9762420654297,0.9987472295761108,313.1600341796875,234.4771270751953,0.9991115927696228,313.3011169433594,292.45794677734375,0.9991145730018616
861,312.91326904296875,176.9762420654297,0.998810887336731,313.1891784667969,234.49710083007812,0.9990676045417786,313.3011169433594,292.45794677734375,0.9991187453269958
862,312.91326904296875,176.9762420654297,0.9987431168556213,313.1891784667969,234.49710083007812,0.9992151260375977,313.1291198730469,292.4007263183594,0.9991051554679871
863,312.91326904296875,176.83425903320312,0.998687207698822,313.1891784667969,234.5317840576172,0.9990339279174805,313.0460205078125,292.4007263183594,0.9990721940994263
864,312.65985107421875,176.69566345214844,0.9985455274581909,313.03680419921875,234.5317840576172,0.9989473223686218,312.86590576171875,292.4007263183594,0.998725950717926
865,312.5501708984375,176.6425018310547,0.9982579350471497,313.03680419921875,234.5317840576172,0.9988215565681458,312.72088623046875,292.1004333496094,0.9988769888877869
866,312.5501708984375,176.1995391845703,0.9978394508361816,313.03680419921875,234.111328125,0.9989135265350342,312.72088623046875,291.9525451660156,0.9988850951194763
867,312.5501708984375,176.0010986328125,0.9973770380020142,313.3873291015625,234.05853271484375,0.9993394017219543,312.8561706542969,291.5547790527344,0.9988135099411011
868,314.0875244140625,174.41758728027344,0.997133731842041,314.013427734375,233.31484985351562,0.9993793964385986,312.86590576171875,291.26483154296875,0.9990897178649902
869,314.1566467285156,172.89608764648438,0.996285080909729,314.4885559082031,233.02610778808594,0.9993305206298828,314.6289367675781,290.6237487792969,0.9990100860595703
870,314.1566467285156,172.82379150390625,0.9959341287612915,314.9635009765625,232.48841857910156,0.9995415210723877,314.9451599121094,290.0509948730469,0.9992629885673523
871,314.3641662597656,172.78057861328125,0.9965670108795166,315.8963928222656,231.95555114746094,0.9995217323303223,315.8687744140625,289.7913513183594,0.9989802241325378
872,314.3641662597656,172.27261352539062,0.9966717958450317,316.1402587890625,230.1043243408203,0.9997832179069519,315.9184875488281,288.9046936035156,0.9990211725234985
873,316.1598815917969,171.24871826171875,0.9971745014190674,318.7473449707031,229.12066650390625,0.9998055100440979,316.90423583984375,288.8091125488281,0.9984176158905029
874,316.69305419921875,170.91372680664062,0.9985383749008179,319.4861755371094,227.17823791503906,0.9998779296875,316.98712158203125,287.50714111328125,0.9975920915603638
875,317.05548095703125,170.22679138183594,0.9991399049758911,320.1759948730469,224.76040649414062,0.9997171759605408,318.61383056640625,284.97705078125,0.9972522854804993
876,319.9116516113281,170.02133178710938,0.9993628859519958,322.6583557128906,224.1741485595703,0.9998371601104736,319.6051330566406,282.7094421386719,0.9978316426277161
877,321.1883850097656,168.8311767578125,0.9997790455818176,322.70562744140625,222.80918884277344,0.9997281432151794,319.9389953613281,282.3189697265625,0.9978626370429993
878,321.70635986328125,166.6178741455078,0.9998699426651001,322.8431091308594,222.1190643310547,0.9997546076774597,320.904296875,280.7724304199219,0.9981586337089539
879,322.59112548828125,164.5708770751953,0.9998770952224731,323.86627197265625,219.83099365234375,0.9996011853218079,322.0069885253906,278.490478515625,0.9991753697395325
880,323.4699401855469,163.564208984375,0.9998376369476318,324.7084655761719,219.00070190429688,0.9995878338813782,323.2073974609375,277.9552307128906,0.9993128776550293
881,325.92169189453125,161.70631408691406,0.9992278814315796,326.0057678222656,217.97323608398438,0.9990680813789368,323.65106201171875,276.87359619140625,0.9995037317276001
882,327.33013916015625,160.5988006591797,0.9981867671012878,327.65789794921875,217.0011749267578,0.9987603425979614,325.2981262207031,275.9736633300781,0.9992275238037109
883,328.764404296875,157.91368103027344,0.9980680346488953,328.2209777832031,215.2261505126953,0.9994671940803528,326.5183410644531,273.7173156738281,0.9994742274284363
884,330.87628173828125,156.25621032714844,0.9967114925384521,330.79815673828125,214.89195251464844,0.9996761083602905,327.1441345214844,272.20611572265625,0.9989039897918701
885,331.8512878417969,155.53990173339844,0.9965781569480896,332.33551025390625,212.47366333007812,0.999840497970581,327.552734375,270.9876708984375,0.9970124959945679
886,332.87786865234375,154.6035614013672,0.9985613226890564,332.9147644042969,210.356201171875,0.9998186230659485,329.7783203125,268.5216064453125,0.9978823065757751
887,333.4951171875,153.7366180419922,0.998589813709259,334.81353759765625,208.34201049804688,0.9996094107627869,334.8720397949219,266.1575012207031,0.9946603178977966
888,333.95806884765625,151.42857360839844,0.9995550513267517,335.9950256347656,205.84902954101562,0.9989935755729675,335.781494140625,262.877197265625,0.9982156753540039
889,334.5824890136719,149.52818298339844,0.9996247291564941,336.3978271484375,203.53549194335938,0.9995081424713135,335.90191650390625,259.517822265625,0.9991686344146729
890,334.5824890136719,147.72305297851562,0.9994508624076843,336.4091491699219,201.9535675048828,0.9993826150894165,336.38043212890625,258.29876708984375,0.9989050626754761
891,336.6656799316406,146.1769561767578,0.9993359446525574,339.0035705566406,200.2050018310547,0.9997687935829163,337.3954772949219,256.0824279785156,0.9986887574195862
892,336.6893310546875,143.00906372070312,0.9984143972396851,340.34320068359375,197.36717224121094,0.9998751878738403,337.3954772949219,254.94793701171875,0.9989582300186157
893,338.14642333984375,139.95599365234375,0.9989008903503418,340.34320068359375,194.43739318847656,0.9998522996902466,337.5881042480469,251.93685913085938,0.998887836933136
894,338.5533752441406,138.62535095214844,0.9993089437484741,340.34320068359375,191.17877197265625,0.99974125623703,338.4411926269531,248.77317810058594,0.9990993738174438
895,338.5533752441406,135.53659057617188,0.9997666478157043,340.2876892089844,189.4701385498047,0.999584972858429,338.55316162109375,246.37278747558594,0.9996188879013062
896,338.8839111328125,133.28126525878906,0.9998425245285034,340.2876892089844,187.27279663085938,0.9994157552719116,339.23223876953125,244.69407653808594,0.9994086027145386
897,339.0497131347656,130.1871795654297,0.9995869994163513,340.2876892089844,185.96127319335938,0.9994813799858093,339.5374755859375,242.42474365234375,0.9995929598808289
898,339.39959716796875,129.1510467529297,0.9991976618766785,341.3151550292969,183.2048797607422,0.9997424483299255,339.81134033203125,240.8473358154297,0.9993172883987427
899,339.60650634765625,126.63916778564453,0.9988677501678467,341.396240234375,181.3803253173828,0.9997956156730652,339.81134033203125,240.49339294433594,0.9994866847991943
900,339.39959716796875,124.8904037475586,0.9988454580307007,341.396240234375,180.7471160888672,0.9998434782028198,339.88275146484375,237.8885498046875,0.9990103244781494
901,339.39959716796875,123.8557357788086,0.9989928603172302,341.396240234375,178.06236267089844,0.9998534917831421,339.8871154785156,235.3494415283203,0.9987221360206604
902,338.6320495605469,123.62218475341797,0.9992343187332153,341.3946838378906,177.5487518310547,0.9998495578765869,340.4695129394531,235.00567626953125,0.9986677169799805
903,338.6320495605469,123.62218475341797,0.999081015586853,341.3946838378906,176.95460510253906,0.9997865557670593,341.1341552734375,235.00567626953125,0.9986918568611145
904,338.6320495605469,123.62218475341797,0.9991207718849182,341.3946838378906,176.95460510253906,0.9997692704200745,341.1695556640625,235.00567626953125,0.9985153079032898
905,338.7397766113281,123.62218475341797,0.9989376664161682,341.8434143066406,176.95460510253906,0.9997406601905823,341.4471435546875,235.7648162841797,0.9987016916275024
906,340.7717590332031,123.94725036621094,0.9988090991973877,342.25079345703125,177.74424743652344,0.9998010993003845,341.7091979980469,236.16094970703125,0.9984368681907654
907,340.984375,124.05237579345703,0.9989092350006104,342.3465270996094,179.18450927734375,0.9997977614402771,342.0243835449219,237.79888916015625,0.9988705515861511
908,340.984375,124.97628021240234,0.9987026453018188,342.5399169921875,180.74093627929688,0.9997839331626892,342.2301025390625,239.22225952148438,0.9990631937980652
909,341.1884460449219,125.68468475341797,0.9986961483955383,342.6429443359375,180.89199829101562,0.9997259974479675,342.2566833496094,239.26446533203125,0.9990484118461609
910,341.1884460449219,125.96869659423828,0.9986168146133423,342.85052490234375,181.39381408691406,0.9997559189796448,342.2872619628906,239.49070739746094,0.9990490078926086
911,341.5069274902344,125.96869659423828,0.9988574981689453,342.9836120605469,181.59442138671875,0.9997116923332214,342.38275146484375,239.52505493164062,0.9991437196731567
912,341.5069274902344,125.96869659423828,0.9988909363746643,343.1762390136719,182.1747589111328,0.9995517134666443,342.38531494140625,239.5449981689453,0.9987120628356934
913,341.706787109375,125.97703552246094,0.9989558458328247,343.179443359375,182.30113220214844,0.9995545744895935,342.81396484375,239.56845092773438,0.9991156458854675
914,341.7607421875,126.0145492553711,0.9989075660705566,343.179443359375,182.33242797851562,0.9995079040527344,342.81396484375,239.59292602539062,0.9990049004554749
915,341.7227478027344,126.53250885009766,0.9988516569137573,343.1762390136719,182.4462890625,0.9995094537734985,342.5506896972656,240.54974365234375,0.9992857575416565
916,341.7227478027344,126.90856170654297,0.9987956285476685,342.9989013671875,183.3211212158203,0.9993901252746582,342.81396484375,240.65060424804688,0.9993330836296082
917,341.706787109375,127.0074691772461,0.9987279772758484,342.6253662109375,184.2266082763672,0.9992406368255615,342.81396484375,241.1191864013672,0.9994634985923767
918,341.16107177734375,128.02374267578125,0.9986947178840637,342.5723876953125,184.2792205810547,0.9993175268173218,343.2140808105469,241.17666625976562,0.9991613626480103
919,341.16107177734375,128.1898956298828,0.9988449811935425,342.513427734375,184.2792205810547,0.999241828918457,343.2416687011719,241.25244140625,0.9991626739501953
920,341.0010986328125,128.1898956298828,0.9990781545639038,342.4911193847656,184.2266082763672,0.9992423057556152,343.2620544433594,241.17666625976562,0.9991963505744934
921,340.9964904785156,128.1898956298828,0.9988259673118591,342.47265625,184.16769409179688,0.9993764758110046,343.2620544433594,241.17666625976562,0.9991829991340637
922,341.0010986328125,127.98179626464844,0.9986181259155273,342.44091796875,183.64028930664062,0.9995263814926147,343.2620544433594,240.87757873535156,0.9991148114204407
923,341.2567138671875,127.0323486328125,0.9984240531921387,342.44091796875,183.168212890625,0.9995520710945129,343.2416687011719,240.7718963623047,0.9993206262588501
924,341.91131591796875,126.96772766113281,0.9985197186470032,342.44091796875,183.0516815185547,0.9996249675750732,342.523193359375,240.7718963623047,0.9989690780639648
925,342.05133056640625,126.85753631591797,0.9986513257026672,342.44091796875,183.0516815185547,0.999619722366333,342.4987487792969,240.81259155273438,0.9994433522224426
926,342.05133056640625,126.85753631591797,0.998467743396759,342.44091796875,183.0516815185547,0.9995704293251038,342.523193359375,240.76760864257812,0.9994182586669922
927,342.05133056640625,126.96772766113281,0.9985342025756836,342.3627014160156,183.12059020996094,0.9995875954627991,342.523193359375,240.76760864257812,0.9994577765464783
928,341.8025817871094,127.11872863769531,0.9985051155090332,342.3191833496094,183.13796997070312,0.9995705485343933,342.4987487792969,240.81259155273438,0.9993532299995422
929,340.91680908203125,127.17144775390625,0.9985601305961609,342.1952819824219,183.13934326171875,0.9996527433395386,342.4987487792969,240.81259155273438,0.9993568062782288
930,340.91680908203125,127.29255676269531,0.998553454875946,342.12554931640625,183.3470458984375,0.9995875954627991,342.49267578125,240.84259033203125,0.9994179010391235
931,340.91680908203125,127.29255676269531,0.9986498951911926,342.1042785644531,183.3470458984375,0.9995439648628235,342.3658447265625,241.0530548095703,0.9994208812713623
932,340.1623229980469,127.9709243774414,0.9985881447792053,342.12554931640625,183.3470458984375,0.9995970129966736,342.3658447265625,241.0530548095703,0.9994334578514099
933,340.1623229980469,127.82660675048828,0.9985918402671814,342.14508056640625,183.2547149658203,0.9996137022972107,342.49267578125,241.1326904296875,0.9994369149208069
934,341.318603515625,127.82660675048828,0.9986476302146912,342.14508056640625,183.10665893554688,0.9996626377105713,342.6271667480469,241.1326904296875,0.9991592168807983
935,341.318603515625,127.9709243774414,0.9985142350196838,342.3750305175781,183.04376220703125,0.9995554089546204,342.6271667480469,241.25582885742188,0.999437153339386
936,341.53143310546875,128.0193328857422,0.9985278844833374,342.72772216796875,182.89654541015625,0.9995573163032532,342.6271667480469,241.4142608642578,0.9994785189628601
937,341.73309326171875,128.15008544921875,0.9985060691833496,343.05126953125,182.89654541015625,0.9994016885757446,342.5429382324219,241.4142608642578,0.9994876384735107
938,342.29925537109375,128.174560546875,0.9982890486717224,343.05126953125,182.75726318359375,0.9995563626289368,342.0843505859375,241.4142608642578,0.9995301961898804
939,342.29925537109375,128.174560546875,0.9983246922492981,343.0843200683594,182.57618713378906,0.9995294809341431,341.40789794921875,241.2982177734375,0.9995728135108948
940,342.6477966308594,128.174560546875,0.9983566403388977,343.0978088378906,182.35946655273438,0.9995242357254028,341.1865539550781,241.20443725585938,0.9996211528778076
941,342.29925537109375,128.2301483154297,0.9982767105102539,343.1806945800781,182.2540283203125,0.9994707703590393,341.1865539550781,241.01243591308594,0.9996280670166016
942,342.2042236328125,128.2125244140625,0.9982513785362244,343.1806945800781,181.96319580078125,0.999504804611206,341.1865539550781,241.15696716308594,0.9995943903923035
943,342.1507263183594,128.2125244140625,0.998501181602478,343.31268310546875,181.876708984375,0.9995326995849609,341.1997375488281,241.15696716308594,0.999562680721283
944,342.0777587890625,128.25875854492188,0.9985975623130798,343.1806945800781,181.876708984375,0.9995600581169128,341.2143249511719,240.9712677001953,0.9996069073677063
945,342.07379150390625,128.30514526367188,0.9986305236816406,343.1606140136719,181.876708984375,0.9995027780532837,341.23382568359375,240.9491729736328,0.9995655417442322
946,342.07379150390625,128.43898010253906,0.9988045692443848,343.1606140136719,181.84478759765625,0.9995861649513245,341.2770690917969,240.93682861328125,0.9995964169502258
947,342.0735778808594,128.4414825439453,0.9987865090370178,343.3682861328125,181.84478759765625,0.9996138215065002,341.79937744140625,240.93124389648438,0.9996017813682556
948,342.0735778808594,128.5332794189453,0.9984863996505737,343.2558898925781,181.80592346191406,0.9995160102844238,342.3982238769531,240.85276794433594,0.999350368976593
949,341.988525390625,128.57000732421875,0.9990034699440002,343.2558898925781,181.63088989257812,0.9995898604393005,342.4351501464844,240.7729949951172,0.9994823932647705
950,341.8731689453125,128.57000732421875,0.9988592863082886,343.2558898925781,181.5910186767578,0.9996373653411865,342.4351501464844,240.7616424560547,0.9994730353355408
951,341.6619873046875,128.57884216308594,0.998976469039917,343.1962585449219,181.5910186767578,0.9997099041938782,342.3982238769531,240.7616424560547,0.9994246959686279
952,341.14764404296875,128.57884216308594,0.9988768696784973,343.1822509765625,181.63088989257812,0.999667763710022,342.2939758300781,240.6782684326172,0.99945467710495
953,341.08367919921875,128.57000732421875,0.9990787506103516,343.1822509765625,181.7703399658203,0.9996086955070496,342.2939758300781,240.6782684326172,0.999459445476532
954,341.08367919921875,128.57884216308594,0.9991238713264465,343.1822509765625,182.06491088867188,0.9996925592422485,342.2939758300781,240.6782684326172,0.9993847608566284
955,341.01947021484375,128.64474487304688,0.9990283250808716,343.1058654785156,182.37823486328125,0.9995250701904297,342.2939758300781,240.6782684326172,0.9994078874588013
956,340.99078369140625,128.64474487304688,0.9990782737731934,342.9059753417969,182.37823486328125,0.9995976090431213,342.3741149902344,240.62698364257812,0.9993559718132019
957,340.99078369140625,128.6510009765625,0.9991790652275085,342.8287353515625,182.37823486328125,0.999636173248291,342.3741149902344,240.5865936279297,0.9994292855262756
958,340.9857482910156,128.8055877685547,0.9990659356117249,342.8287353515625,182.37823486328125,0.9996503591537476,342.2864074707031,240.5865936279297,0.9994049072265625
959,340.88690185546875,128.8055877685547,0.9992175102233887,342.8287353515625,182.37823486328125,0.9996383190155029,342.0966796875,240.70323181152344,0.9994285702705383
960,340.1514892578125,128.8055877685547,0.999114453792572,342.787841796875,182.50204467773438,0.999556839466095,342.01617431640625,240.70323181152344,0.9994613528251648
961,340.1514892578125,128.8574981689453,0.9990262985229492,342.749755859375,182.5281524658203,0.9996570348739624,341.9085998535156,241.203125,0.9995855689048767
962,340.1514892578125,128.98828125,0.999202311038971,342.718505859375,182.6355438232422,0.9996135830879211,341.57342529296875,241.24444580078125,0.9994695782661438
963,340.5226135253906,129.26715087890625,0.9993153810501099,342.540283203125,182.7940673828125,0.9997323155403137,341.57342529296875,241.26568603515625,0.9995354413986206
964,340.6631774902344,129.6790771484375,0.9994877576828003,342.540283203125,182.82904052734375,0.9996938705444336,341.7940673828125,241.33013916015625,0.9995136260986328
965,340.8774719238281,129.6889190673828,0.9994459748268127,342.540283203125,182.99087524414062,0.9996811151504517,341.7940673828125,241.58180236816406,0.9994640946388245
966,341.0332946777344,129.6889190673828,0.9995052814483643,342.6921081542969,182.99729919433594,0.9996259212493896,341.7940673828125,241.68060302734375,0.9994482398033142
967,341.0332946777344,129.6889190673828,0.9995176792144775,342.7854309082031,183.14613342285156,0.9995208978652954,342.0351257324219,241.68060302734375,0.9995032548904419
968,341.16790771484375,129.6014404296875,0.9993552565574646,342.7854309082031,183.14613342285156,0.9994888305664062,342.0351257324219,241.58180236816406,0.9995651841163635
969,341.2512512207031,129.58274841308594,0.9993991851806641,342.8099060058594,183.14613342285156,0.9994826316833496,341.78070068359375,241.4766387939453,0.9994986057281494
970,341.2533264160156,129.58274841308594,0.9994390606880188,342.8099060058594,183.19447326660156,0.9995644688606262,341.78070068359375,241.4766387939453,0.999568521976471
971,341.2533264160156,129.58274841308594,0.9993664622306824,342.8099060058594,183.07272338867188,0.9995632767677307,341.722412109375,241.41954040527344,0.9995892643928528
972,341.3544921875,129.6014404296875,0.9993984699249268,342.8099060058594,183.07272338867188,0.9995013475418091,341.6682434082031,241.41954040527344,0.9995518326759338
973,341.3544921875,129.9103240966797,0.9994367957115173,342.8099060058594,183.2006378173828,0.9996053576469421,341.6287841796875,241.5192108154297,0.9995236396789551
974,341.3544921875,130.28118896484375,0.9996341466903687,342.1686706542969,183.36819458007812,0.999658465385437,341.120849609375,241.80242919921875,0.9996209144592285
975,341.0716552734375,130.41555786132812,0.9996802806854248,341.3210144042969,184.26840209960938,0.9996639490127563,340.7625427246094,242.58389282226562,0.999645471572876
976,340.9906311035156,130.7408905029297,0.9997116923332214,341.1090087890625,185.02581787109375,0.9994630217552185,340.6022033691406,243.0226593017578,0.9996484518051147
977,340.8995056152344,130.74465942382812,0.999735414981842,340.7847900390625,185.30894470214844,0.9994794726371765,340.5066833496094,243.1143035888672,0.9996683597564697
978,339.17169189453125,131.8255157470703,0.9998472929000854,339.6001281738281,186.26376342773438,0.9994903802871704,340.3372497558594,244.0078887939453,0.9997000694274902
979,339.0961608886719,131.87710571289062,0.9998390674591064,339.5783996582031,186.3367919921875,0.9994864463806152,340.0284118652344,244.15309143066406,0.9997381567955017
980,337.3403015136719,133.521240234375,0.9998530149459839,337.64697265625,187.1536102294922,0.9995344877243042,338.2063293457031,245.00811767578125,0.9997387528419495
981,334.9023742675781,135.59539794921875,0.9996240139007568,336.62396240234375,188.0800018310547,0.9994279742240906,337.3141784667969,245.01904296875,0.9995996356010437
982,334.7607727050781,135.63201904296875,0.9996516704559326,335.3152160644531,189.6112518310547,0.999093770980835,335.0085144042969,246.41329956054688,0.9993041753768921
983,333.28021240234375,137.31295776367188,0.9991163611412048,335.1448669433594,191.2684783935547,0.9989633560180664,333.1617736816406,248.60733032226562,0.9988771080970764
984,331.3089599609375,139.3709716796875,0.9955541491508484,333.5982971191406,193.35374450683594,0.9994866847991943,333.14447021484375,250.66864013671875,0.9971491694450378
985,330.5775146484375,141.6630401611328,0.9948248863220215,333.0086975097656,196.24774169921875,0.9998007416725159,332.718017578125,252.29098510742188,0.9968204498291016
986,328.8355712890625,144.0264434814453,0.9971221089363098,330.3610534667969,199.4383544921875,0.9996905326843262,330.8152160644531,255.8830108642578,0.9989946484565735
987,327.2366638183594,146.7109375,0.9989578723907471,329.14410400390625,201.92718505859375,0.9991542100906372,326.7479248046875,257.8369140625,0.998985230922699
988,323.8456726074219,149.69439697265625,0.9998176693916321,325.45928955078125,203.14553833007812,0.9995831847190857,322.533935546875,260.63427734375,0.9996800422668457
989,321.37420654296875,153.54342651367188,0.9996854066848755,324.2027282714844,206.75631713867188,0.9996194839477539,321.9313049316406,265.46856689453125,0.9986604452133179
990,320.8613586425781,155.8924560546875,0.9986956715583801,322.9747009277344,208.5581817626953,0.9998176693916321,320.2775573730469,266.9707336425781,0.9978293776512146
991,319.5312805175781,157.19509887695312,0.9981484413146973,321.046875,211.69166564941406,0.9999294281005859,318.67108154296875,270.4590148925781,0.998268723487854
992,316.7501525878906,159.04493713378906,0.9981235861778259,319.07684326171875,216.2570037841797,0.9997668862342834,318.3531799316406,275.1851806640625,0.9992672801017761
993,314.7200012207031,161.96762084960938,0.9994397759437561,315.4701232910156,218.49359130859375,0.9987939596176147,316.45770263671875,276.740478515625,0.9992014765739441
994,312.5107727050781,165.0300750732422,0.9995430707931519,312.7723388671875,219.30140686035156,0.9985702037811279,314.60052490234375,279.3205871582031,0.9985289573669434
995,310.35247802734375,167.5404815673828,0.9997518658638,311.7750549316406,221.37271118164062,0.9989950060844421,314.04644775390625,280.5637512207031,0.9939228892326355
996,309.2048034667969,170.69898986816406,0.9996275901794434,310.23052978515625,223.61827087402344,0.9997453093528748,309.6484069824219,283.4407043457031,0.997759222984314
997,308.4275207519531,171.44175720214844,0.9990598559379578,309.9781494140625,226.3480987548828,0.9998574256896973,309.1367492675781,285.1822814941406,0.9985546469688416
998,307.3095703125,172.4282989501953,0.9992425441741943,307.473388671875,229.74365234375,0.9998990297317505,308.68194580078125,288.34320068359375,0.9989190101623535
999,305.0329895019531,174.05628967285156,0.9985572695732117,306.6870422363281,231.5471954345703,0.9998190999031067,307.8748474121094,289.66741943359375,0.9996026158332825
1000,303.2245788574219,177.07363891601562,0.9989049434661865,304.76129150390625,233.49095153808594,0.9996492862701416,306.0281982421875,290.7147216796875,0.9996411800384521
1001,302.93878173828125,178.69253540039062,0.9995715022087097,304.3905944824219,234.61868286132812,0.9995760321617126,305.8197326660156,292.34918212890625,0.9997289776802063
1002,302.93878173828125,179.62741088867188,0.9994978904724121,304.0538330078125,235.2071075439453,0.9996117949485779,305.8197326660156,292.6231689453125,0.9997254014015198
1003,303.0892333984375,181.39706420898438,0.9995750784873962,303.9400634765625,236.38302612304688,0.9995866417884827,305.6740417480469,293.26123046875,0.9996119141578674
1004,302.93878173828125,181.39706420898438,0.999653697013855,303.595947265625,236.383544921875,0.9996563196182251,305.6740417480469,293.26123046875,0.9995203018188477
1005,302.93878173828125,181.39706420898438,0.9996135830879211,303.5933837890625,236.4609375,0.9996770620346069,305.05389404296875,293.26123046875,0.9995903372764587
1006,303.0892333984375,180.9904327392578,0.9995495676994324,303.5933837890625,236.4609375,0.9995879530906677,305.05389404296875,293.1153259277344,0.9995636343955994
1007,303.0892333984375,180.8996124267578,0.9995112419128418,303.5933837890625,236.383544921875,0.9996053576469421,305.05389404296875,292.9542236328125,0.99964439868927
1008,303.8943786621094,180.3572235107422,0.9997484087944031,304.0390930175781,235.55535888671875,0.9997326731681824,305.6535949707031,292.9542236328125,0.9995735287666321
1009,304.68206787109375,179.8208770751953,0.9996747970581055,304.4273986816406,235.19337463378906,0.9996337890625,306.0250549316406,292.9542236328125,0.9996504783630371
1010,304.8519592285156,179.67941284179688,0.999739944934845,304.61834716796875,234.988525390625,0.9997535347938538,306.2689208984375,293.0628967285156,0.9996767044067383
1011,305.52008056640625,179.41175842285156,0.9997782111167908,305.2088317871094,234.988525390625,0.9996991157531738,306.77911376953125,293.292236328125,0.9996893405914307
1012,306.22357177734375,178.9163055419922,0.9997807145118713,305.79266357421875,235.19337463378906,0.9997718930244446,306.86505126953125,293.40673828125,0.9996452331542969
1013,306.8359069824219,178.9163055419922,0.9997779726982117,306.55426025390625,235.4556884765625,0.999748170375824,307.2601623535156,293.59356689453125,0.9996523857116699
1014,307.8148193359375,178.9163055419922,0.999760091304779,306.91839599609375,235.5030517578125,0.9997135996818542,307.3698425292969,293.59356689453125,0.9996121525764465
1015,307.8531799316406,179.3938751220703,0.9998121857643127,307.2547302246094,235.67868041992188,0.9997643828392029,307.54766845703125,293.59356689453125,0.9996545314788818
1016,308.1184387207031,179.96604919433594,0.9998347759246826,307.65960693359375,235.80422973632812,0.999717652797699,307.7112121582031,293.59356689453125,0.9995985627174377
1017,308.43670654296875,179.9801025390625,0.9998514652252197,307.8348083496094,235.80422973632812,0.9997546076774597,308.1915588378906,293.59356689453125,0.9995612502098083
1018,308.8837890625,180.20413208007812,0.9998446702957153,308.40869140625,235.80441284179688,0.9997292160987854,308.4121398925781,293.75390625,0.9995352029800415
1019,309.25555419921875,180.44784545898438,0.9998456239700317,308.5564880371094,235.8480224609375,0.9997417330741882,309.2750549316406,293.90606689453125,0.9993389248847961
1020,310.0262451171875,180.44784545898438,0.9998063445091248,308.7848815917969,235.8480224609375,0.9997051358222961,309.9847106933594,293.90606689453125,0.9989604949951172
1021,310.0472717285156,180.27569580078125,0.9998018145561218,309.2159118652344,235.74061584472656,0.9996459484100342,310.6653137207031,293.90606689453125,0.9991872906684875
1022,310.4600524902344,180.27569580078125,0.9997612833976746,309.8274841308594,235.61180114746094,0.9995478987693787,310.6653137207031,293.3668518066406,0.9988365769386292
1023,310.5953063964844,180.1982421875,0.9997319579124451,309.93011474609375,235.4326171875,0.9995393753051758,310.5333251953125,293.3589782714844,0.9989193677902222
1024,310.81170654296875,179.93035888671875,0.9997603297233582,309.9860534667969,235.1199951171875,0.9994876384735107,310.6829833984375,293.325927734375,0.999219536781311
1025,311.1459655761719,179.63172912597656,0.9996060729026794,310.2464904785156,235.02398681640625,0.9994686245918274,310.5333251953125,293.0942077636719,0.9990139007568359
1026,311.482421875,179.448974609375,0.9995123147964478,310.263916015625,235.02398681640625,0.9994592070579529,310.2929992675781,292.9930114746094,0.9990052580833435
1027,311.68572998046875,179.448974609375,0.9995495676994324,310.39935302734375,235.1199951171875,0.9994034767150879,310.3004150390625,292.9930114746094,0.9991787075996399
1028,311.8187561035156,179.63172912597656,0.9993809461593628,310.505126953125,235.2561492919922,0.9993401169776917,310.3004150390625,292.9930114746094,0.998994767665863
1029,311.8187561035156,179.7736053466797,0.9995526671409607,310.5633544921875,235.36203002929688,0.9994637370109558,310.3004150390625,293.0513916015625,0.9989975094795227
1030,311.87591552734375,180.06898498535156,0.9994717240333557,310.7157287597656,235.5627899169922,0.9994000196456909,313.3227233886719,293.13714599609375,0.9985260367393494
1031,311.8486328125,180.2334747314453,0.9996119141578674,310.7201843261719,235.8885498046875,0.9993852376937866,313.8185119628906,293.1909484863281,0.998594343662262
1032,311.87591552734375,180.2334747314453,0.9996722936630249,311.4685363769531,235.8885498046875,0.9994044303894043,314.19158935546875,293.37078857421875,0.9989542961120605
1033,311.9091491699219,180.2334747314453,0.9996880292892456,311.6569519042969,235.8885498046875,0.9994051456451416,314.19158935546875,293.37078857421875,0.9988841414451599
1034,311.9091491699219,180.06777954101562,0.9995418787002563,311.6569519042969,235.4996337890625,0.999319314956665,313.8185119628906,293.3877258300781,0.9989250302314758
1035,311.9017028808594,179.9072265625,0.9995903372764587,311.6569519042969,235.3041534423828,0.9991875290870667,313.1175842285156,293.4852294921875,0.9989769458770752
1036,312.1510925292969,179.85377502441406,0.9996218681335449,311.62738037109375,235.26315307617188,0.9992583394050598,313.08868408203125,293.4852294921875,0.9989351630210876
1037,312.1510925292969,179.78952026367188,0.9996160268783569,311.5780944824219,235.13851928710938,0.9993304014205933,312.650146484375,293.50360107421875,0.9991263747215271
1038,311.9017028808594,179.75506591796875,0.9996082186698914,311.5530090332031,235.13851928710938,0.9992372989654541,312.6474914550781,293.5980529785156,0.998916745185852
1039,311.9017028808594,179.78952026367188,0.9995887875556946,311.4609375,235.26315307617188,0.9993343949317932,312.6474914550781,293.60308837890625,0.9989551305770874
1040,311.75054931640625,179.75506591796875,0.9996527433395386,311.5530090332031,235.3538055419922,0.9993207454681396,312.650146484375,293.6602783203125,0.998935878276825
1041,311.5556640625,179.75506591796875,0.999687910079956,311.4609375,235.82618713378906,0.9992730021476746,313.1024475097656,294.1192321777344,0.9990007281303406
1042,311.5556640625,179.75506591796875,0.9996801614761353,311.4609375,236.29766845703125,0.9992808699607849,313.1590881347656,294.1192321777344,0.9989874958992004
1043,311.5556640625,179.73110961914062,0.9996846914291382,311.5908203125,236.29766845703125,0.9993315935134888,313.19842529296875,294.1192321777344,0.9990420937538147
1044,312.00323486328125,179.6005401611328,0.9996335506439209,312.0617980957031,236.3451385498047,0.9991864562034607,314.1547546386719,293.843994140625,0.9993890523910522
1045,312.10321044921875,179.42164611816406,0.9995688796043396,312.0617980957031,236.29766845703125,0.9990928173065186,314.1547546386719,293.7565612792969,0.9993020296096802
1046,312.29559326171875,179.4046630859375,0.9995529055595398,312.0810852050781,236.1507110595703,0.9990585446357727,314.2425231933594,293.7565612792969,0.9993725419044495
1047,312.29559326171875,179.3560028076172,0.999541163444519,312.0617980957031,235.8303680419922,0.9991633892059326,314.1547546386719,293.7565612792969,0.9992300271987915
1048,312.3620300292969,179.33203125,0.9994496703147888,312.0367126464844,235.46466064453125,0.9991369843482971,314.10321044921875,293.6470947265625,0.999349057674408
1049,312.3620300292969,178.65487670898438,0.9995191097259521,312.0367126464844,235.04931640625,0.9991053938865662,313.7416076660156,293.6470947265625,0.9994027614593506
1050,312.46044921875,178.47964477539062,0.9992395639419556,312.10406494140625,234.75306701660156,0.9989142417907715,313.8398742675781,293.61431884765625,0.9993470311164856
1051,312.46044921875,178.22618103027344,0.9994494318962097,312.10406494140625,234.7088165283203,0.9989280104637146,313.8398742675781,292.8425598144531,0.999333918094635
1052,312.49249267578125,177.67190551757812,0.9990525841712952,312.93035888671875,234.55104064941406,0.9987767338752747,313.8398742675781,292.7974548339844,0.9993723034858704
1053,312.94439697265625,176.87721252441406,0.9987162351608276,313.459228515625,234.3940887451172,0.9990857839584351,314.03680419921875,291.9068298339844,0.9993516802787781
1054,313.0721740722656,175.32456970214844,0.9979683756828308,313.8828430175781,233.8402862548828,0.9992712140083313,314.9128723144531,291.8066711425781,0.9994800686836243
1055,313.536865234375,174.5483856201172,0.9966108202934265,315.1214294433594,233.6267852783203,0.9991353154182434,316.84375,291.8016052246094,0.9993915557861328
1056,313.89202880859375,173.05271911621094,0.9958517551422119,316.2851257324219,233.26356506347656,0.9993987083435059,318.8898620605469,290.713623046875,0.9989340901374817
1057,315.0234375,172.17764282226562,0.9967723488807678,318.25189208984375,232.4735107421875,0.9996401071548462,320.1234130859375,290.1613464355469,0.9990612864494324
1058,317.2962951660156,171.1864776611328,0.9970691800117493,320.0365295410156,230.703125,0.9998587369918823,321.3265686035156,289.79266357421875,0.9988709092140198
1059,317.5862121582031,171.09695434570312,0.9980505704879761,320.898193359375,230.2794647216797,0.9998905658721924,321.8569030761719,288.8973693847656,0.9986704587936401
1060,320.40106201171875,171.0224609375,0.9985260367393494,322.7017517089844,227.83261108398438,0.9999306201934814,322.0100402832031,286.1241760253906,0.9983885288238525
1061,320.9023742675781,170.98802185058594,0.9994729161262512,324.93145751953125,227.22457885742188,0.9999376535415649,323.5594177246094,285.72772216796875,0.996601939201355
1062,321.9882507324219,170.5631561279297,0.9996416568756104,325.8132629394531,224.84295654296875,0.9998942613601685,324.8409729003906,283.5551452636719,0.99638831615448
1063,323.708251953125,169.88800048828125,0.9997652173042297,327.2840270996094,224.04248046875,0.9997219443321228,325.7162780761719,282.8616943359375,0.9959593415260315
1064,326.3279113769531,168.33108520507812,0.9998218417167664,329.2691345214844,223.1324920654297,0.9995822310447693,327.3763427734375,282.4207458496094,0.9909495711326599
1065,328.68426513671875,167.03500366210938,0.9993017911911011,330.8634033203125,222.55616760253906,0.998766303062439,328.34747314453125,280.49853515625,0.9960418939590454
1066,330.4991760253906,165.63047790527344,0.9996802806854248,332.17681884765625,222.5047607421875,0.9985044002532959,329.8916931152344,278.8957824707031,0.9985962510108948
1067,332.4970703125,164.14520263671875,0.9996349811553955,333.5092468261719,220.17430114746094,0.998873770236969,330.328125,277.6354064941406,0.9989959597587585
1068,333.0230407714844,161.87608337402344,0.9993488192558289,335.1546936035156,219.37620544433594,0.9992176294326782,331.54510498046875,276.9991149902344,0.9993498921394348
1069,334.972412109375,161.46694946289062,0.9994768500328064,336.0635986328125,218.34080505371094,0.9994304776191711,332.50946044921875,276.2422790527344,0.9995515942573547
1070,336.39422607421875,160.3764190673828,0.9991604089736938,337.4044189453125,217.8389434814453,0.9995835423469543,333.43597412109375,275.6543273925781,0.9995574355125427
1071,337.6539611816406,158.19691467285156,0.9987998008728027,338.7452087402344,215.859619140625,0.9998044371604919,337.01483154296875,274.74609375,0.999594509601593
1072,339.92449951171875,157.069580078125,0.9991117119789124,340.8152770996094,213.59393310546875,0.9999005794525146,338.2850646972656,273.2944641113281,0.9994499087333679
1073,340.6808166503906,156.02224731445312,0.9988355040550232,342.3055114746094,211.26937866210938,0.9998879432678223,338.86285400390625,271.23687744140625,0.9987813830375671
1074,341.2955627441406,155.8602752685547,0.9986706972122192,342.67523193359375,209.4597625732422,0.9997963309288025,340.17718505859375,270.1531982421875,0.998854398727417
1075,342.0038757324219,155.27020263671875,0.9990267753601074,343.3740539550781,209.3047332763672,0.999794065952301,341.5030212402344,267.8411865234375,0.9973541498184204
1076,343.8951416015625,153.7684783935547,0.9989445805549622,345.2254943847656,207.6396942138672,0.9990857839584351,342.9342041015625,265.17529296875,0.9961420893669128
1077,346.77667236328125,151.89434814453125,0.9993040561676025,345.74224853515625,206.4800262451172,0.9985337257385254,343.93438720703125,263.14727783203125,0.9985349178314209
1078,348.9260559082031,150.2178192138672,0.9995964169502258,345.7982482910156,204.38583374023438,0.9977989792823792,345.1376953125,261.00836181640625,0.9986880421638489
1079,349.9517822265625,148.3173828125,0.9994951486587524,349.17828369140625,203.0395050048828,0.9983768463134766,345.81024169921875,258.1517333984375,0.9982126951217651
1080,350.4769287109375,147.28282165527344,0.9990411400794983,349.4345397949219,201.6250762939453,0.998778760433197,348.0367431640625,258.00787353515625,0.999203622341156
1081,350.57745361328125,146.12081909179688,0.9988812804222107,350.8030090332031,200.0913543701172,0.9996664524078369,348.21142578125,256.3893737792969,0.9991133809089661
1082,350.9196472167969,142.7359619140625,0.996997594833374,351.9278564453125,197.9132080078125,0.9998701810836792,348.89617919921875,254.10235595703125,0.9980260133743286
1083,350.9856262207031,140.4808349609375,0.9970589876174927,352.58001708984375,194.53610229492188,0.9997738003730774,351.36236572265625,251.23574829101562,0.9974682331085205
1084,350.9196472167969,137.7186279296875,0.999150276184082,352.80450439453125,191.96517944335938,0.9995312690734863,351.4297180175781,248.87429809570312,0.9979730248451233
1085,350.9196472167969,135.96046447753906,0.9996094107627869,352.8608703613281,189.489990234375,0.9995564818382263,352.8294982910156,246.09030151367188,0.9995236396789551
1086,350.9640197753906,134.77159118652344,0.999660849571228,352.9906921386719,188.09620666503906,0.9995062351226807,353.72869873046875,244.31558227539062,0.999695897102356
1087,351.1078796386719,132.365234375,0.9996100068092346,352.9906921386719,186.7158203125,0.9995574355125427,354.1961364746094,244.17428588867188,0.9996999502182007
1088,352.3333740234375,129.78814697265625,0.9994569420814514,353.8986511230469,185.35189819335938,0.9995711445808411,354.1961364746094,242.13514709472656,0.9996621608734131
1089,352.53826904296875,126.76716613769531,0.9983978867530823,354.1507263183594,182.9134521484375,0.9998524188995361,353.72869873046875,241.22906494140625,0.9996098875999451
1090,352.58709716796875,126.6421890258789,0.9984391331672668,354.38739013671875,182.642578125,0.9998347759246826,353.8900451660156,241.1111602783203,0.9996175765991211
1091,352.58709716796875,124.1091537475586,0.9986668825149536,354.974853515625,179.204833984375,0.9998959302902222,353.8900451660156,237.50022888183594,0.9989392161369324
1092,352.58709716796875,123.14421081542969,0.9976108074188232,355.05181884765625,178.41152954101562,0.9998045563697815,353.8900451660156,237.40513610839844,0.9991006851196289
1093,352.1442565917969,123.13512420654297,0.9986003041267395,355.05181884765625,177.44972229003906,0.9998102784156799,354.2300109863281,236.5386505126953,0.9991441965103149
1094,351.92132568359375,123.07868957519531,0.9988895058631897,355.05181884765625,177.1211395263672,0.9997634291648865,354.5927734375,235.122802734375,0.9989792704582214
1095,351.5313720703125,122.96674346923828,0.9985343217849731,354.6721496582031,176.95584106445312,0.999775230884552,354.5927734375,235.122802734375,0.9990400671958923
1096,351.4325866699219,122.54727935791016,0.9986591339111328,354.5350036621094,176.95584106445312,0.9997523427009583,354.5927734375,235.122802734375,0.9989801049232483
1097,350.9085388183594,122.54727935791016,0.9984461665153503,354.484130859375,177.1211395263672,0.9995947480201721,353.7404479980469,235.2592010498047,0.999039351940155
1098,350.84918212890625,122.54727935791016,0.9976047277450562,353.8930358886719,177.6004180908203,0.9997550845146179,352.8866271972656,235.56747436523438,0.9990227222442627
1099,350.7634582519531,122.93728637695312,0.9966850876808167,353.6382141113281,178.0952911376953,0.9997004270553589,352.7592468261719,235.56747436523438,0.9990286827087402
1100,349.4798583984375,122.93728637695312,0.9961179494857788,352.9508056640625,178.0952911376953,0.9996764659881592,352.3301696777344,235.90737915039062,0.9990102052688599
1101,349.3928527832031,122.93728637695312,0.9965507984161377,352.2348937988281,178.0952911376953,0.9996331930160522,352.29193115234375,235.90737915039062,0.9987444877624512
1102,347.95697021484375,122.86890411376953,0.9966283440589905,351.70391845703125,178.0203857421875,0.9993508458137512,351.2687072753906,235.90737915039062,0.9986745119094849
1103,347.9414978027344,122.2739028930664,0.9983149766921997,351.4422912597656,177.9638671875,0.999363362789154,351.08026123046875,235.84681701660156,0.9983248114585876
1104,347.6790771484375,122.219970703125,0.9972803592681885,350.0743408203125,177.95416259765625,0.9990420937538147,349.6539306640625,235.84681701660156,0.9983628392219543
1105,347.3349609375,122.219970703125,0.9980114698410034,349.5781555175781,177.9638671875,0.9992419481277466,349.16461181640625,235.84681701660156,0.9981611371040344
1106,347.05914306640625,122.219970703125,0.9974982142448425,349.02447509765625,178.0203857421875,0.9993971586227417,348.58673095703125,235.97193908691406,0.9977757334709167
1107,346.28729248046875,122.84587097167969,0.9956908822059631,348.9017639160156,178.29339599609375,0.9993048906326294,348.5238037109375,235.97193908691406,0.9976246953010559
1108,346.2190246582031,122.92603302001953,0.9945914149284363,348.38818359375,178.86318969726562,0.9995813965797424,348.3654479980469,236.89688110351562,0.9976778626441956
1109,345.703125,123.23234558105469,0.9943487048149109,348.1680908203125,179.16665649414062,0.9995720982551575,347.8748474121094,236.9065399169922,0.9970481991767883
1110,345.5047302246094,123.67324829101562,0.9940856695175171,348.1392517089844,179.42758178710938,0.9995895028114319,347.48614501953125,237.60777282714844,0.997931957244873
1111,345.1358642578125,123.82237243652344,0.9965807795524597,347.1103210449219,179.7913055419922,0.9995812773704529,346.9107666015625,237.60777282714844,0.9979310035705566
1112,344.99273681640625,123.93609619140625,0.9968571662902832,347.1103210449219,179.89866638183594,0.9996323585510254,346.8306579589844,237.60777282714844,0.9981279969215393
1113,344.9308166503906,124.05156707763672,0.997019350528717,347.04840087890625,180.0126495361328,0.9997076392173767,346.63623046875,237.5777587890625,0.997317373752594
1114,344.3126220703125,124.10365295410156,0.9975988268852234,347.04840087890625,180.0794677734375,0.9996875524520874,344.2102355957031,237.5777587890625,0.9983224272727966
1115,343.96734619140625,124.9726791381836,0.9978267550468445,346.9727783203125,180.68588256835938,0.99965500831604,343.8710021972656,237.5777587890625,0.9976790547370911
1116,343.93023681640625,125.04318237304688,0.9976330995559692,346.7886047363281,180.77175903320312,0.9996805191040039,343.8710021972656,237.67918395996094,0.9981208443641663
1117,343.9074401855469,125.5610122680664,0.9975932240486145,346.4151306152344,181.3042449951172,0.9996587038040161,343.8924560546875,237.7940216064453,0.9979275465011597
1118,343.7315979003906,125.7715835571289,0.9975007176399231,346.28546142578125,181.3042449951172,0.9995754361152649,343.8924560546875,238.60377502441406,0.9976074695587158
1119,343.3064880371094,125.77303314208984,0.9980688691139221,345.9232177734375,181.3042449951172,0.9996505975723267,345.53973388671875,238.81773376464844,0.9983304142951965
1120,343.092041015625,125.78834533691406,0.997849702835083,345.9232177734375,181.34228515625,0.9996535778045654,345.7264404296875,239.0231170654297,0.9980908036231995
1121,342.71807861328125,125.78834533691406,0.9980565905570984,345.9109191894531,181.34228515625,0.9995812773704529,345.7264404296875,239.03753662109375,0.99853515625
1122,342.71807861328125,125.77303314208984,0.998052716255188,345.9232177734375,181.19284057617188,0.9995669722557068,345.7544250488281,239.3055419921875,0.9985290765762329
1123,342.71807861328125,125.70561981201172,0.9981367588043213,346.0067443847656,181.17352294921875,0.9996410608291626,345.890625,239.3055419921875,0.9984678626060486
1124,343.3470153808594,125.70561981201172,0.9978125095367432,346.0511169433594,181.17352294921875,0.9996615648269653,346.4370422363281,239.10284423828125,0.9986037611961365
1125,343.5951843261719,125.70561981201172,0.9980588555335999,346.0511169433594,181.17352294921875,0.99962317943573,346.4370422363281,239.10284423828125,0.9984482526779175
1126,344.4367980957031,125.747314453125,0.9973227381706238,346.51287841796875,181.88478088378906,0.9996323585510254,346.6493835449219,239.10284423828125,0.9987223744392395
1127,344.7455139160156,125.747314453125,0.9972981810569763,346.5576171875,181.90260314941406,0.9996122717857361,346.80889892578125,239.10284423828125,0.998674750328064
1128,345.74462890625,125.747314453125,0.9948811531066895,347.2982482910156,182.2533721923828,0.9996084570884705,347.4608459472656,239.10284423828125,0.9990987777709961
1129,346.4998779296875,125.58708190917969,0.9946611523628235,347.3507385253906,182.2533721923828,0.99958735704422,347.50213623046875,239.07960510253906,0.9990493655204773
1130,346.5670471191406,125.44136810302734,0.9937239289283752,347.5534973144531,182.2533721923828,0.9996395111083984,347.50213623046875,239.07960510253906,0.9988797307014465
1131,347.38201904296875,125.35916900634766,0.9949937462806702,347.8139953613281,182.057373046875,0.9997192025184631,347.50213623046875,238.949951171875,0.9989163875579834
1132,347.3872985839844,125.32508850097656,0.9952869415283203,347.968017578125,181.96060180664062,0.9996814727783203,347.50213623046875,238.92788696289062,0.99882572889328
1133,347.6494140625,125.32508850097656,0.9952481389045715,347.9747314453125,181.58836364746094,0.9996989965438843,348.02752685546875,238.7896270751953,0.9987810254096985
1134,347.6494140625,125.15892028808594,0.995133101940155,348.13873291015625,181.35076904296875,0.999717652797699,348.02752685546875,238.7896270751953,0.9985767602920532
1135,347.6496887207031,125.15892028808594,0.9948828220367432,348.13873291015625,181.35076904296875,0.9997566342353821,348.02752685546875,238.7896270751953,0.9987480640411377
1136,347.54144287109375,125.3262710571289,0.9951028823852539,348.16729736328125,181.35076904296875,0.9997434020042419,347.8828125,239.18426513671875,0.998909592628479
1137,347.54144287109375,125.40010833740234,0.995046854019165,348.16729736328125,181.5226287841797,0.9997395873069763,347.7905578613281,239.30975341796875,0.9989039897918701
1138,347.54144287109375,125.38153839111328,0.9950628876686096,348.16729736328125,181.66226196289062,0.9997143149375916,347.7905578613281,239.40615844726562,0.9989925026893616
1139,347.43853759765625,125.40010833740234,0.9947497248649597,348.16729736328125,181.7362823486328,0.999724805355072,347.7905578613281,239.42922973632812,0.9990898370742798
1140,347.43853759765625,125.46647644042969,0.995317816734314,348.8233947753906,181.7362823486328,0.9996492862701416,348.1626892089844,239.42922973632812,0.9991670846939087
1141,347.612060546875,125.46647644042969,0.995311439037323,349.0925598144531,181.73004150390625,0.9997398257255554,348.461181640625,239.42922973632812,0.9992222785949707
1142,348.02838134765625,125.38153839111328,0.9953832030296326,349.0925598144531,181.73004150390625,0.9997392296791077,348.5393981933594,239.36392211914062,0.9991312623023987
1143,348.1471252441406,125.20223236083984,0.995705783367157,349.0373229980469,181.5697479248047,0.9997383952140808,348.5675048828125,239.1418914794922,0.9989826083183289
1144,348.3827209472656,125.17105102539062,0.9955547451972961,348.877685546875,181.5040283203125,0.9997527003288269,348.5661315917969,239.1418914794922,0.9989388585090637
1145,348.4305114746094,125.12883758544922,0.995514452457428,349.0373229980469,181.4539337158203,0.999768078327179,348.5675048828125,239.04953002929688,0.9988974332809448
1146,348.4305114746094,125.01979064941406,0.9958034157752991,349.0373229980469,181.4539337158203,0.9997820258140564,348.5675048828125,239.04953002929688,0.9989238381385803
1147,348.59820556640625,124.81468200683594,0.9963183403015137,349.13287353515625,181.45465087890625,0.9997699856758118,348.6763610839844,239.1418914794922,0.9987670183181763
1148,348.59820556640625,124.81468200683594,0.9962531328201294,349.19879150390625,181.4539337158203,0.9997575879096985,348.60406494140625,239.2024383544922,0.9989957213401794
1149,348.59820556640625,124.81250762939453,0.996070384979248,349.23553466796875,181.4539337158203,0.9997474551200867,348.6763610839844,239.0303497314453,0.9990386962890625
1150,348.4248046875,124.81468200683594,0.9958886504173279,349.19879150390625,181.43185424804688,0.9997511506080627,348.6763610839844,239.15135192871094,0.999035120010376
1151,348.3139343261719,124.95562744140625,0.9962192177772522,349.22137451171875,181.43185424804688,0.9997707009315491,348.8273620605469,239.15135192871094,0.9988222718238831
1152,347.91607666015625,125.13114166259766,0.9959803819656372,349.22137451171875,181.43185424804688,0.9996978044509888,348.8860168457031,239.15135192871094,0.9991649389266968
1153,347.7253112792969,125.18502044677734,0.9955867528915405,349.1603698730469,181.5033416748047,0.99967360496521,349.0404968261719,239.15135192871094,0.9990302324295044
1154,347.5782165527344,125.19080352783203,0.9960848093032837,348.7313537597656,182.03529357910156,0.9995371103286743,349.3052062988281,239.4301300048828,0.9990355968475342
1155,346.37261962890625,126.62559509277344,0.996599018573761,348.4225769042969,182.0796661376953,0.9996020197868347,349.3052062988281,239.5413818359375,0.999212384223938
1156,346.280517578125,126.8038101196289,0.9955429434776306,348.4183349609375,182.0796661376953,0.9995618462562561,349.0404968261719,239.77252197265625,0.9991458654403687
1157,346.27996826171875,127.02954864501953,0.9974579215049744,348.0345153808594,182.0796661376953,0.9996542930603027,347.9470520019531,239.8079071044922,0.9993348717689514
1158,346.16949462890625,127.02954864501953,0.9967750906944275,347.8447570800781,181.8557586669922,0.9996612071990967,347.519775390625,239.8079071044922,0.9992658495903015
1159,346.1216735839844,127.26655578613281,0.9972297549247742,347.67803955078125,181.79141235351562,0.9996552467346191,347.3256530761719,239.83804321289062,0.9992159605026245
1160,345.7651672363281,127.25688171386719,0.9962553977966309,347.67803955078125,181.79141235351562,0.9996681213378906,347.2363586425781,239.83804321289062,0.99924635887146
1161,345.703125,127.25688171386719,0.9970068335533142,347.1653137207031,181.81521606445312,0.9996297359466553,347.1679992675781,239.7788543701172,0.999225378036499
1162,345.6645202636719,127.23539733886719,0.9969325065612793,347.13812255859375,181.81521606445312,0.9995860457420349,346.4019775390625,239.7705078125,0.9988701939582825
1163,345.40093994140625,127.23539733886719,0.9962049126625061,346.76348876953125,181.93263244628906,0.999627947807312,346.19281005859375,239.71119689941406,0.9990822076797485
1164,344.92901611328125,127.0422134399414,0.9966880679130554,346.1126403808594,181.9967498779297,0.999680757522583,346.10247802734375,239.68917846679688,0.9988722205162048
1165,344.602294921875,127.0422134399414,0.9971534013748169,345.9841003417969,182.00588989257812,0.9996445178985596,345.9350280761719,239.66676330566406,0.9989194869995117
1166,344.2879638671875,127.0422134399414,0.9973076581954956,345.65826416015625,182.00588989257812,0.9996583461761475,345.9334411621094,239.6549835205078,0.9988238215446472
1167,343.8369140625,127.0422134399414,0.9978711605072021,345.65826416015625,182.0399169921875,0.9996811151504517,343.54290771484375,239.15394592285156,0.9989200830459595
1168,343.7799987792969,127.05870056152344,0.9979800581932068,345.35150146484375,181.9967498779297,0.9996929168701172,343.3360900878906,239.14410400390625,0.9990189075469971
1169,343.6740417480469,127.05870056152344,0.9977554678916931,345.35150146484375,181.7083282470703,0.9996774196624756,343.2962951660156,238.8558807373047,0.9986831545829773
1170,342.7858581542969,127.03770446777344,0.9982010126113892,345.4590148925781,181.6261444091797,0.9996683597564697,343.1716003417969,238.85519409179688,0.9986684322357178
1171,342.75311279296875,126.79331970214844,0.998421311378479,345.4590148925781,181.24880981445312,0.9997209906578064,343.1615905761719,238.73806762695312,0.9988173842430115
1172,342.6875,126.20524597167969,0.9984706044197083,345.40228271484375,181.0105743408203,0.9996788501739502,342.4833679199219,238.28994750976562,0.998714804649353
1173,342.75311279296875,125.90003967285156,0.9984849095344543,345.4590148925781,180.91189575195312,0.9997005462646484,342.27099609375,237.8140411376953,0.9988002777099609
1174,342.7858581542969,125.84105682373047,0.998478353023529,345.4590148925781,180.1552276611328,0.9997116923332214,341.95599365234375,237.67190551757812,0.9989558458328247
1175,342.8188781738281,125.35465240478516,0.9977948665618896,345.5104675292969,179.75035095214844,0.9997301697731018,341.95599365234375,237.572021484375,0.9989296793937683
1176,343.02764892578125,124.77931213378906,0.9982398748397827,345.5104675292969,179.38336181640625,0.9995874762535095,341.95599365234375,237.3358612060547,0.998883068561554
1177,343.240966796875,124.36912536621094,0.9983177185058594,345.5680236816406,178.704345703125,0.9996328353881836,342.65704345703125,236.01544189453125,0.9985713958740234
1178,343.240966796875,123.83573150634766,0.9983172416687012,345.63128662109375,178.55787658691406,0.9996469020843506,343.7252502441406,235.34024047851562,0.9983046054840088
1179,343.3872375488281,123.72590637207031,0.9981619715690613,345.8749084472656,177.958740234375,0.9994776844978333,343.9266052246094,234.86676025390625,0.9969151020050049
1180,344.42559814453125,122.9973373413086,0.9968587160110474,346.3218688964844,176.85215759277344,0.9993188381195068,347.96405029296875,234.39096069335938,0.9975346326828003
1181,345.26849365234375,122.97969055175781,0.9965612292289734,347.8169860839844,176.50343322753906,0.9988424181938171,348.0572204589844,234.13674926757812,0.9983335137367249
1182,346.1233215332031,122.70064544677734,0.9976974129676819,349.4468078613281,175.32608032226562,0.9971356391906738,351.03192138671875,232.765869140625,0.9985218644142151
1183,348.32720947265625,122.70064544677734,0.9982540011405945,351.4440612792969,174.9461212158203,0.998582124710083,351.98876953125,232.6038818359375,0.9988270401954651
1184,348.32720947265625,122.57357788085938,0.9984323382377625,351.4440612792969,174.67369079589844,0.9991424083709717,351.98876953125,232.14085388183594,0.998506486415863
1185,348.32720947265625,122.4802017211914,0.999439537525177,351.4440612792969,174.1630401611328,0.9992881417274475,351.98876953125,231.931640625,0.9993104934692383
